Year,Month,Day,Hour,Id,Name,lat,lon,WindSpeed,Pressure,LatLon,tid,class,time
1944,7,13,6,1,NOT_NAMED,19.6,-68.6,30,0,19.6 -68.6,2000,L1,6
1944,7,13,12,1,NOT_NAMED,20.7,-69.5,30,0,20.7 -69.5,2000,L1,12
1944,7,13,18,1,NOT_NAMED,21.5,-70.4,30,0,21.5 -70.4,2000,L1,18
1944,7,14,0,1,NOT_NAMED,22.3,-71.2,35,0,22.3 -71.2,2000,L1,24
1944,7,14,6,1,NOT_NAMED,23.1,-72,35,0,23.1 -72,2000,L1,30
1944,7,14,12,1,NOT_NAMED,24,-72.8,35,0,24 -72.8,2000,L1,36
1944,7,14,18,1,NOT_NAMED,25.1,-73.5,40,0,25.1 -73.5,2000,L1,42
1944,7,15,0,1,NOT_NAMED,26.2,-74.1,45,0,26.2 -74.1,2000,L1,48
1944,7,15,6,1,NOT_NAMED,27.4,-74.6,50,0,27.4 -74.6,2000,L1,54
1944,7,15,12,1,NOT_NAMED,28.5,-75,55,0,28.5 -75,2000,L1,60
1944,7,15,18,1,NOT_NAMED,29.4,-75.3,55,0,29.4 -75.3,2000,L1,66
1944,7,16,0,1,NOT_NAMED,30.2,-75.5,60,0,30.2 -75.5,2000,L1,72
1944,7,16,6,1,NOT_NAMED,30.9,-75.6,65,0,30.9 -75.6,2000,L1,78
1944,7,16,12,1,NOT_NAMED,31.4,-75.5,65,0,31.4 -75.5,2000,L1,84
1944,7,16,18,1,NOT_NAMED,31.8,-75.2,65,0,31.8 -75.2,2000,L1,90
1944,7,17,0,1,NOT_NAMED,32.2,-74.8,70,0,32.2 -74.8,2000,L1,96
1944,7,17,6,1,NOT_NAMED,32.5,-74.3,70,0,32.5 -74.3,2000,L1,102
1944,7,17,12,1,NOT_NAMED,32.8,-73.5,70,0,32.8 -73.5,2000,L1,108
1944,7,17,18,1,NOT_NAMED,33.1,-72.6,70,0,33.1 -72.6,2000,L1,114
1944,7,18,0,1,NOT_NAMED,33.3,-71.6,65,0,33.3 -71.6,2000,L1,120
1944,7,18,6,1,NOT_NAMED,33.6,-70.6,65,0,33.6 -70.6,2000,L1,126
1944,7,18,12,1,NOT_NAMED,34,-69.5,65,0,34 -69.5,2000,L1,132
1944,7,18,18,1,NOT_NAMED,35,-68,60,0,35 -68,2000,L1,138
1944,7,19,0,1,NOT_NAMED,36.5,-65.5,60,0,36.5 -65.5,2000,L1,144
1944,7,19,6,1,NOT_NAMED,38.2,-62.2,60,0,38.2 -62.2,2000,L1,150
1944,7,19,12,1,NOT_NAMED,40.2,-58.2,60,0,40.2 -58.2,2000,L1,156
1944,7,19,18,1,NOT_NAMED,42.2,-54,50,0,42.2 -54,2000,L1,162
1944,7,20,0,1,NOT_NAMED,44.2,-49.8,45,0,44.2 -49.8,2000,L1,168
1944,7,24,6,2,NOT_NAMED,13.4,-56.6,35,0,13.4 -56.6,2001,TS,6
1944,7,24,12,2,NOT_NAMED,13.7,-58.4,40,0,13.7 -58.4,2001,TS,12
1944,7,24,18,2,NOT_NAMED,14,-60.4,45,0,14 -60.4,2001,TS,18
1944,7,25,0,2,NOT_NAMED,14.3,-62.2,50,0,14.3 -62.2,2001,TS,24
1944,7,25,6,2,NOT_NAMED,14.7,-63.9,55,0,14.7 -63.9,2001,TS,30
1944,7,25,12,2,NOT_NAMED,15.1,-65.6,55,0,15.1 -65.6,2001,TS,36
1944,7,25,18,2,NOT_NAMED,15.6,-67.3,55,0,15.6 -67.3,2001,TS,42
1944,7,26,0,2,NOT_NAMED,16.1,-69,55,0,16.1 -69,2001,TS,48
1944,7,26,6,2,NOT_NAMED,16.4,-70.7,55,0,16.4 -70.7,2001,TS,54
1944,7,26,12,2,NOT_NAMED,16.6,-72.5,55,0,16.6 -72.5,2001,TS,60
1944,7,26,18,2,NOT_NAMED,16.6,-74.4,50,0,16.6 -74.4,2001,TS,66
1944,7,27,0,2,NOT_NAMED,16.6,-76.4,45,0,16.6 -76.4,2001,TS,72
1944,7,27,6,2,NOT_NAMED,16.8,-78.3,35,0,16.8 -78.3,2001,TS,78
1944,7,27,12,2,NOT_NAMED,17,-80,30,0,17 -80,2001,TS,84
1944,7,27,18,2,NOT_NAMED,17.2,-81.6,25,0,17.2 -81.6,2001,TS,90
1944,7,30,12,3,NOT_NAMED,21.5,-69,35,0,21.5 -69,2002,L1,6
1944,7,30,18,3,NOT_NAMED,22.5,-70.5,40,0,22.5 -70.5,2002,L1,12
1944,7,31,0,3,NOT_NAMED,23.4,-72.2,45,0,23.4 -72.2,2002,L1,18
1944,7,31,6,3,NOT_NAMED,24.3,-73.8,50,0,24.3 -73.8,2002,L1,24
1944,7,31,12,3,NOT_NAMED,26.2,-75.2,55,0,26.2 -75.2,2002,L1,30
1944,7,31,18,3,NOT_NAMED,27.2,-76.1,60,0,27.2 -76.1,2002,L1,36
1944,8,1,0,3,NOT_NAMED,28.2,-76.7,65,0,28.2 -76.7,2002,L1,42
1944,8,1,6,3,NOT_NAMED,29.3,-77.2,65,0,29.3 -77.2,2002,L1,48
1944,8,1,12,3,NOT_NAMED,30.5,-77.7,70,0,30.5 -77.7,2002,L1,54
1944,8,1,18,3,NOT_NAMED,32,-78,70,0,32 -78,2002,L1,60
1944,8,1,23,3,NOT_NAMED,33.9,-78.1,70,985,33.9 -78.1,2002,L1,66
1944,8,2,0,3,NOT_NAMED,34.1,-78.2,60,985,34.1 -78.2,2002,L1,72
1944,8,2,6,3,NOT_NAMED,35.7,-78.2,45,0,35.7 -78.2,2002,L1,78
1944,8,2,12,3,NOT_NAMED,36.9,-78,35,0,36.9 -78,2002,L1,84
1944,8,2,18,3,NOT_NAMED,37.8,-77.4,35,0,37.8 -77.4,2002,L1,90
1944,8,3,0,3,NOT_NAMED,38.5,-76.2,35,0,38.5 -76.2,2002,L1,96
1944,8,3,6,3,NOT_NAMED,39.2,-74.5,35,0,39.2 -74.5,2002,L1,102
1944,8,3,12,3,NOT_NAMED,39.8,-72.8,35,0,39.8 -72.8,2002,L1,108
1944,8,3,18,3,NOT_NAMED,40.3,-71,35,0,40.3 -71,2002,L1,114
1944,8,4,0,3,NOT_NAMED,40.8,-69.4,30,0,40.8 -69.4,2002,L1,120
1944,8,4,6,3,NOT_NAMED,41.3,-67.9,30,0,41.3 -67.9,2002,L1,126
1944,8,16,18,4,NOT_NAMED,12.1,-59.5,50,0,12.1 -59.5,2003,L3,6
1944,8,17,0,4,NOT_NAMED,12.1,-60.5,60,0,12.1 -60.5,2003,L3,12
1944,8,17,6,4,NOT_NAMED,12.3,-61.5,65,0,12.3 -61.5,2003,L3,18
1944,8,17,12,4,NOT_NAMED,12.7,-62.5,70,0,12.7 -62.5,2003,L3,24
1944,8,17,18,4,NOT_NAMED,13.3,-63.5,75,0,13.3 -63.5,2003,L3,30
1944,8,18,0,4,NOT_NAMED,14,-64.5,80,0,14 -64.5,2003,L3,36
1944,8,18,6,4,NOT_NAMED,14.7,-65.5,85,0,14.7 -65.5,2003,L3,42
1944,8,18,12,4,NOT_NAMED,15.2,-66.6,90,973,15.2 -66.6,2003,L3,48
1944,8,18,18,4,NOT_NAMED,15.5,-67.8,90,0,15.5 -67.8,2003,L3,54
1944,8,19,0,4,NOT_NAMED,15.7,-69,90,0,15.7 -69,2003,L3,60
1944,8,19,6,4,NOT_NAMED,15.8,-70.1,95,0,15.8 -70.1,2003,L3,66
1944,8,19,12,4,NOT_NAMED,15.9,-71.2,100,0,15.9 -71.2,2003,L3,72
1944,8,19,18,4,NOT_NAMED,16.2,-72.2,105,0,16.2 -72.2,2003,L3,78
1944,8,20,0,4,NOT_NAMED,16.7,-73.2,105,0,16.7 -73.2,2003,L3,84
1944,8,20,6,4,NOT_NAMED,17.4,-74.2,105,0,17.4 -74.2,2003,L3,90
1944,8,20,12,4,NOT_NAMED,17.9,-75.3,105,0,17.9 -75.3,2003,L3,96
1944,8,20,18,4,NOT_NAMED,18.3,-76.6,90,0,18.3 -76.6,2003,L3,102
1944,8,21,0,4,NOT_NAMED,18.6,-78.2,75,0,18.6 -78.2,2003,L3,108
1944,8,21,6,4,NOT_NAMED,18.8,-79.7,75,0,18.8 -79.7,2003,L3,114
1944,8,21,12,4,NOT_NAMED,19,-81.1,75,0,19 -81.1,2003,L3,120
1944,8,21,18,4,NOT_NAMED,19.2,-82.7,75,0,19.2 -82.7,2003,L3,126
1944,8,22,0,4,NOT_NAMED,19.4,-84.3,80,0,19.4 -84.3,2003,L3,132
1944,8,22,6,4,NOT_NAMED,19.7,-86,80,0,19.7 -86,2003,L3,138
1944,8,22,12,4,NOT_NAMED,20,-87.7,80,0,20 -87.7,2003,L3,144
1944,8,22,18,4,NOT_NAMED,20.2,-89.3,65,0,20.2 -89.3,2003,L3,150
1944,8,23,0,4,NOT_NAMED,20.4,-90.7,55,0,20.4 -90.7,2003,L3,156
1944,8,23,6,4,NOT_NAMED,20.6,-92,50,0,20.6 -92,2003,L3,162
1944,8,23,12,4,NOT_NAMED,20.7,-93.3,45,0,20.7 -93.3,2003,L3,168
1944,8,23,18,4,NOT_NAMED,20.8,-94.6,45,0,20.8 -94.6,2003,L3,174
1944,8,24,0,4,NOT_NAMED,20.7,-95.8,40,0,20.7 -95.8,2003,L3,180
1944,8,24,6,4,NOT_NAMED,20.6,-97,35,0,20.6 -97,2003,L3,186
1944,8,24,12,4,NOT_NAMED,20.5,-98.2,25,0,20.5 -98.2,2003,L3,192
1944,8,18,12,5,NOT_NAMED,20.5,-85,25,0,20.5 -85,2004,TS,6
1944,8,18,18,5,NOT_NAMED,20.9,-85.6,25,0,20.9 -85.6,2004,TS,12
1944,8,19,0,5,NOT_NAMED,21.3,-86.2,30,0,21.3 -86.2,2004,TS,18
1944,8,19,6,5,NOT_NAMED,21.7,-86.8,30,0,21.7 -86.8,2004,TS,24
1944,8,19,12,5,NOT_NAMED,22,-87.5,30,0,22 -87.5,2004,TS,30
1944,8,19,18,5,NOT_NAMED,22.3,-88.3,35,0,22.3 -88.3,2004,TS,36
1944,8,20,0,5,NOT_NAMED,22.6,-89.2,35,0,22.6 -89.2,2004,TS,42
1944,8,20,6,5,NOT_NAMED,22.9,-90.1,40,0,22.9 -90.1,2004,TS,48
1944,8,20,12,5,NOT_NAMED,23,-91,40,0,23 -91,2004,TS,54
1944,8,20,18,5,NOT_NAMED,23,-91.9,45,0,23 -91.9,2004,TS,60
1944,8,21,0,5,NOT_NAMED,23.1,-92.8,50,0,23.1 -92.8,2004,TS,66
1944,8,21,6,5,NOT_NAMED,23.3,-93.7,50,0,23.3 -93.7,2004,TS,72
1944,8,21,12,5,NOT_NAMED,23.5,-94.5,50,0,23.5 -94.5,2004,TS,78
1944,8,21,18,5,NOT_NAMED,23.8,-95.2,50,0,23.8 -95.2,2004,TS,84
1944,8,22,0,5,NOT_NAMED,24,-95.8,50,0,24 -95.8,2004,TS,90
1944,8,22,6,5,NOT_NAMED,24.3,-96.4,50,0,24.3 -96.4,2004,TS,96
1944,8,22,12,5,NOT_NAMED,24.7,-97.1,45,0,24.7 -97.1,2004,TS,102
1944,8,22,18,5,NOT_NAMED,25,-97.8,45,0,25 -97.8,2004,TS,108
1944,8,23,0,5,NOT_NAMED,25.3,-98.7,35,0,25.3 -98.7,2004,TS,114
1944,8,23,6,5,NOT_NAMED,25.6,-99.8,25,0,25.6 -99.8,2004,TS,120
1944,9,9,0,6,NOT_NAMED,25,-95,25,0,25 -95,2005,TS,6
1944,9,9,6,6,NOT_NAMED,25.8,-94.8,30,0,25.8 -94.8,2005,TS,12
1944,9,9,12,6,NOT_NAMED,26.5,-94.5,35,0,26.5 -94.5,2005,TS,18
1944,9,9,18,6,NOT_NAMED,27,-94.1,40,0,27 -94.1,2005,TS,24
1944,9,10,0,6,NOT_NAMED,27.2,-93.5,45,0,27.2 -93.5,2005,TS,30
1944,9,10,6,6,NOT_NAMED,27.7,-92.6,45,0,27.7 -92.6,2005,TS,36
1944,9,10,12,6,NOT_NAMED,28.4,-91.5,50,0,28.4 -91.5,2005,TS,42
1944,9,10,18,6,NOT_NAMED,29.1,-89.6,55,992,29.1 -89.6,2005,TS,48
1944,9,10,19,6,NOT_NAMED,29.3,-89.4,55,992,29.3 -89.4,2005,TS,54
1944,9,10,23,6,NOT_NAMED,30.3,-88.3,50,0,30.3 -88.3,2005,TS,60
1944,9,11,0,6,NOT_NAMED,30.7,-88.1,40,0,30.7 -88.1,2005,TS,66
1944,9,11,6,6,NOT_NAMED,31.4,-87,30,0,31.4 -87,2005,TS,72
1944,9,11,12,6,NOT_NAMED,32,-86.8,25,0,32 -86.8,2005,TS,78
1944,9,9,6,7,NOT_NAMED,20.8,-58.5,45,0,20.8 -58.5,2006,L4,6
1944,9,9,12,7,NOT_NAMED,21.2,-59.7,50,0,21.2 -59.7,2006,L4,12
1944,9,9,18,7,NOT_NAMED,21.6,-61,55,0,21.6 -61,2006,L4,18
1944,9,10,0,7,NOT_NAMED,22,-62.3,60,0,22 -62.3,2006,L4,24
1944,9,10,6,7,NOT_NAMED,22.5,-63.6,65,0,22.5 -63.6,2006,L4,30
1944,9,10,12,7,NOT_NAMED,23,-65,70,0,23 -65,2006,L4,36
1944,9,10,18,7,NOT_NAMED,23.6,-66.3,75,0,23.6 -66.3,2006,L4,42
1944,9,11,0,7,NOT_NAMED,24.3,-67.4,80,0,24.3 -67.4,2006,L4,48
1944,9,11,6,7,NOT_NAMED,25,-68.1,85,0,25 -68.1,2006,L4,54
1944,9,11,12,7,NOT_NAMED,25.5,-68.7,90,0,25.5 -68.7,2006,L4,60
1944,9,11,18,7,NOT_NAMED,25.7,-69.2,95,0,25.7 -69.2,2006,L4,66
1944,9,12,0,7,NOT_NAMED,25.8,-69.9,105,0,25.8 -69.9,2006,L4,72
1944,9,12,6,7,NOT_NAMED,25.9,-70.6,110,0,25.9 -70.6,2006,L4,78
1944,9,12,12,7,NOT_NAMED,26.2,-71.5,115,943,26.2 -71.5,2006,L4,84
1944,9,12,18,7,NOT_NAMED,26.6,-72.8,120,0,26.6 -72.8,2006,L4,90
1944,9,13,0,7,NOT_NAMED,27,-74,120,0,27 -74,2006,L4,96
1944,9,13,6,7,NOT_NAMED,27.6,-74.7,120,0,27.6 -74.7,2006,L4,102
1944,9,13,12,7,NOT_NAMED,28.5,-75.1,125,0,28.5 -75.1,2006,L4,108
1944,9,13,18,7,NOT_NAMED,29.7,-75.5,125,0,29.7 -75.5,2006,L4,114
1944,9,14,0,7,NOT_NAMED,31.2,-75.7,120,0,31.2 -75.7,2006,L4,120
1944,9,14,6,7,NOT_NAMED,32.7,-75.7,110,0,32.7 -75.7,2006,L4,126
1944,9,14,12,7,NOT_NAMED,34.5,-75.4,105,942,34.5 -75.4,2006,L4,132
1944,9,14,18,7,NOT_NAMED,37.1,-74.7,100,0,37.1 -74.7,2006,L4,138
1944,9,15,0,7,NOT_NAMED,39.9,-73.2,90,954,39.9 -73.2,2006,L4,144
1944,9,15,2,7,NOT_NAMED,40.9,-72.2,90,954,40.9 -72.2,2006,L4,150
1944,9,15,4,7,NOT_NAMED,41.4,-71.6,85,957,41.4 -71.6,2006,L4,156
1944,9,15,6,7,NOT_NAMED,42,-71,65,966,42 -71,2006,L4,162
1944,9,15,12,7,NOT_NAMED,44.2,-68.5,55,982,44.2 -68.5,2006,L4,168
1944,9,15,18,7,NOT_NAMED,46,-63.7,50,0,46 -63.7,2006,L4,174
1944,9,16,0,7,NOT_NAMED,47.8,-58.2,45,0,47.8 -58.2,2006,L4,180
1944,9,16,6,7,NOT_NAMED,49.9,-52.6,40,0,49.9 -52.6,2006,L4,186
1944,9,16,12,7,NOT_NAMED,52,-47,35,0,52 -47,2006,L4,192
1944,9,19,6,8,NOT_NAMED,19.3,-83.6,40,0,19.3 -83.6,2007,L1,6
1944,9,19,12,8,NOT_NAMED,20,-84.2,50,0,20 -84.2,2007,L1,12
1944,9,19,18,8,NOT_NAMED,20.6,-84.9,60,0,20.6 -84.9,2007,L1,18
1944,9,20,0,8,NOT_NAMED,20.9,-85.6,70,0,20.9 -85.6,2007,L1,24
1944,9,20,6,8,NOT_NAMED,21,-86.3,70,0,21 -86.3,2007,L1,30
1944,9,20,12,8,NOT_NAMED,21.1,-87.2,60,0,21.1 -87.2,2007,L1,36
1944,9,20,18,8,NOT_NAMED,20.9,-88.3,55,0,20.9 -88.3,2007,L1,42
1944,9,21,0,8,NOT_NAMED,20.5,-89.5,50,0,20.5 -89.5,2007,L1,48
1944,9,21,6,8,NOT_NAMED,20,-90.7,65,0,20 -90.7,2007,L1,54
1944,9,21,12,8,NOT_NAMED,19.2,-92,70,0,19.2 -92,2007,L1,60
1944,9,21,18,8,NOT_NAMED,18.5,-93.2,70,0,18.5 -93.2,2007,L1,66
1944,9,22,0,8,NOT_NAMED,17.9,-94,60,0,17.9 -94,2007,L1,72
1944,9,22,6,8,NOT_NAMED,17.2,-94.2,45,0,17.2 -94.2,2007,L1,78
1944,9,22,12,8,NOT_NAMED,16.5,-94,30,0,16.5 -94,2007,L1,84
1944,9,21,12,9,NOT_NAMED,17.1,-41.5,35,0,17.1 -41.5,2008,L2,6
1944,9,21,18,9,NOT_NAMED,17.2,-43.5,35,0,17.2 -43.5,2008,L2,12
1944,9,22,0,9,NOT_NAMED,17.4,-45.6,35,0,17.4 -45.6,2008,L2,18
1944,9,22,6,9,NOT_NAMED,17.7,-47.7,35,0,17.7 -47.7,2008,L2,24
1944,9,22,12,9,NOT_NAMED,18.2,-49.7,40,0,18.2 -49.7,2008,L2,30
1944,9,22,18,9,NOT_NAMED,19,-51.4,40,0,19 -51.4,2008,L2,36
1944,9,23,0,9,NOT_NAMED,19.8,-52.7,45,0,19.8 -52.7,2008,L2,42
1944,9,23,6,9,NOT_NAMED,21.3,-54.1,45,0,21.3 -54.1,2008,L2,48
1944,9,23,12,9,NOT_NAMED,23,-55.1,50,0,23 -55.1,2008,L2,54
1944,9,23,18,9,NOT_NAMED,24.4,-55.7,55,0,24.4 -55.7,2008,L2,60
1944,9,24,0,9,NOT_NAMED,25.8,-55.9,55,0,25.8 -55.9,2008,L2,66
1944,9,24,6,9,NOT_NAMED,27.4,-55.9,60,0,27.4 -55.9,2008,L2,72
1944,9,24,12,9,NOT_NAMED,29.2,-55.8,65,0,29.2 -55.8,2008,L2,78
1944,9,24,18,9,NOT_NAMED,31.2,-55.5,70,0,31.2 -55.5,2008,L2,84
1944,9,25,0,9,NOT_NAMED,33.2,-55,75,0,33.2 -55,2008,L2,90
1944,9,25,6,9,NOT_NAMED,35.2,-54.1,80,0,35.2 -54.1,2008,L2,96
1944,9,25,12,9,NOT_NAMED,37,-53.5,85,0,37 -53.5,2008,L2,102
1944,9,25,18,9,NOT_NAMED,38.2,-53.3,80,0,38.2 -53.3,2008,L2,108
1944,9,26,0,9,NOT_NAMED,39.2,-53.3,75,0,39.2 -53.3,2008,L2,114
1944,9,26,6,9,NOT_NAMED,40.2,-53.2,70,0,40.2 -53.2,2008,L2,120
1944,9,26,12,9,NOT_NAMED,41.5,-53,60,0,41.5 -53,2008,L2,126
1944,9,26,18,9,NOT_NAMED,43.5,-52,55,0,43.5 -52,2008,L2,132
1944,9,27,0,9,NOT_NAMED,46.5,-50,55,0,46.5 -50,2008,L2,138
1944,9,27,6,9,NOT_NAMED,50,-47.2,50,0,50 -47.2,2008,L2,144
1944,9,27,12,9,NOT_NAMED,53,-43.9,50,0,53 -43.9,2008,L2,150
1944,9,27,18,9,NOT_NAMED,55.5,-40,45,0,55.5 -40,2008,L2,156
1944,9,28,0,9,NOT_NAMED,57.8,-34.7,45,0,57.8 -34.7,2008,L2,162
1944,9,28,6,9,NOT_NAMED,59.6,-28.5,40,0,59.6 -28.5,2008,L2,168
1944,9,28,12,9,NOT_NAMED,61.4,-22.4,40,0,61.4 -22.4,2008,L2,174
1944,9,30,0,10,NOT_NAMED,33.1,-44.1,35,0,33.1 -44.1,2009,TS,6
1944,9,30,6,10,NOT_NAMED,33.8,-44.3,35,0,33.8 -44.3,2009,TS,12
1944,9,30,12,10,NOT_NAMED,34.5,-44.5,40,0,34.5 -44.5,2009,TS,18
1944,9,30,18,10,NOT_NAMED,35.2,-44.7,40,0,35.2 -44.7,2009,TS,24
1944,10,1,0,10,NOT_NAMED,35.9,-44.8,45,0,35.9 -44.8,2009,TS,30
1944,10,1,6,10,NOT_NAMED,36.7,-44.9,45,0,36.7 -44.9,2009,TS,36
1944,10,1,12,10,NOT_NAMED,37.5,-45,45,0,37.5 -45,2009,TS,42
1944,10,1,18,10,NOT_NAMED,38.5,-44.9,45,0,38.5 -44.9,2009,TS,48
1944,10,2,0,10,NOT_NAMED,39.5,-44.5,40,0,39.5 -44.5,2009,TS,54
1944,10,2,6,10,NOT_NAMED,40.5,-43.5,35,0,40.5 -43.5,2009,TS,60
1944,10,2,12,10,NOT_NAMED,41.5,-41.5,30,0,41.5 -41.5,2009,TS,66
1944,10,2,18,10,NOT_NAMED,42.6,-39.3,30,0,42.6 -39.3,2009,TS,72
1944,10,3,0,10,NOT_NAMED,43.8,-37,30,0,43.8 -37,2009,TS,78
1944,9,30,6,11,NOT_NAMED,14.4,-59.3,35,0,14.4 -59.3,2010,TS,6
1944,9,30,12,11,NOT_NAMED,14.5,-59.5,40,0,14.5 -59.5,2010,TS,12
1944,9,30,18,11,NOT_NAMED,14.6,-59.7,40,0,14.6 -59.7,2010,TS,18
1944,10,1,0,11,NOT_NAMED,14.8,-59.9,40,0,14.8 -59.9,2010,TS,24
1944,10,1,6,11,NOT_NAMED,15,-60.2,40,0,15 -60.2,2010,TS,30
1944,10,1,12,11,NOT_NAMED,15.3,-60.7,40,0,15.3 -60.7,2010,TS,36
1944,10,1,18,11,NOT_NAMED,15.8,-61.1,40,0,15.8 -61.1,2010,TS,42
1944,10,2,0,11,NOT_NAMED,16.6,-61,40,0,16.6 -61,2010,TS,48
1944,10,2,6,11,NOT_NAMED,17.8,-60.5,40,0,17.8 -60.5,2010,TS,54
1944,10,2,12,11,NOT_NAMED,18.9,-59.7,40,0,18.9 -59.7,2010,TS,60
1944,10,2,18,11,NOT_NAMED,19.8,-59.2,35,0,19.8 -59.2,2010,TS,66
1944,10,3,0,11,NOT_NAMED,20.3,-59,35,0,20.3 -59,2010,TS,72
1944,10,3,6,11,NOT_NAMED,20.5,-59,30,0,20.5 -59,2010,TS,78
1944,10,11,0,12,NOT_NAMED,35.5,-40.4,35,0,35.5 -40.4,2011,L1,6
1944,10,11,6,12,NOT_NAMED,35.5,-40.2,35,0,35.5 -40.2,2011,L1,12
1944,10,11,12,12,NOT_NAMED,35.5,-40,40,0,35.5 -40,2011,L1,18
1944,10,11,18,12,NOT_NAMED,35.5,-39.8,45,0,35.5 -39.8,2011,L1,24
1944,10,12,0,12,NOT_NAMED,35.6,-39.6,50,0,35.6 -39.6,2011,L1,30
1944,10,12,6,12,NOT_NAMED,35.7,-39.3,60,0,35.7 -39.3,2011,L1,36
1944,10,12,12,12,NOT_NAMED,36,-39,70,0,36 -39,2011,L1,42
1944,10,12,18,12,NOT_NAMED,36.6,-38.6,70,0,36.6 -38.6,2011,L1,48
1944,10,13,0,12,NOT_NAMED,37.5,-38.1,70,0,37.5 -38.1,2011,L1,54
1944,10,13,6,12,NOT_NAMED,38.3,-37.4,60,0,38.3 -37.4,2011,L1,60
1944,10,13,12,12,NOT_NAMED,39,-36.5,50,0,39 -36.5,2011,L1,66
1944,10,13,18,12,NOT_NAMED,39.7,-35.3,50,0,39.7 -35.3,2011,L1,72
1944,10,14,0,12,NOT_NAMED,40.4,-33.5,45,0,40.4 -33.5,2011,L1,78
1944,10,14,6,12,NOT_NAMED,41,-29.5,45,0,41 -29.5,2011,L1,84
1944,10,14,12,12,NOT_NAMED,41.5,-25.5,45,0,41.5 -25.5,2011,L1,90
1944,10,14,18,12,NOT_NAMED,41.2,-23,45,0,41.2 -23,2011,L1,96
1944,10,15,0,12,NOT_NAMED,40.5,-21,45,0,40.5 -21,2011,L1,102
1944,10,15,6,12,NOT_NAMED,39.7,-19.5,50,0,39.7 -19.5,2011,L1,108
1944,10,15,12,12,NOT_NAMED,39,-18,55,0,39 -18,2011,L1,114
1944,10,15,18,12,NOT_NAMED,38.5,-16,55,0,38.5 -16,2011,L1,120
1944,10,12,12,13,NOT_NAMED,16,-80.5,30,0,16 -80.5,2012,L4,6
1944,10,12,18,13,NOT_NAMED,16.4,-80.6,35,0,16.4 -80.6,2012,L4,12
1944,10,13,0,13,NOT_NAMED,16.8,-80.7,40,0,16.8 -80.7,2012,L4,18
1944,10,13,6,13,NOT_NAMED,17.1,-80.8,50,0,17.1 -80.8,2012,L4,24
1944,10,13,12,13,NOT_NAMED,17.4,-80.9,60,0,17.4 -80.9,2012,L4,30
1944,10,13,18,13,NOT_NAMED,17.6,-80.9,70,0,17.6 -80.9,2012,L4,36
1944,10,14,0,13,NOT_NAMED,17.8,-80.8,80,976,17.8 -80.8,2012,L4,42
1944,10,14,6,13,NOT_NAMED,17.9,-80.7,80,0,17.9 -80.7,2012,L4,48
1944,10,14,12,13,NOT_NAMED,18,-80.6,80,0,18 -80.6,2012,L4,54
1944,10,14,18,13,NOT_NAMED,18.1,-80.6,80,0,18.1 -80.6,2012,L4,60
1944,10,15,0,13,NOT_NAMED,18.2,-80.5,80,0,18.2 -80.5,2012,L4,66
1944,10,15,6,13,NOT_NAMED,18.3,-80.5,80,0,18.3 -80.5,2012,L4,72
1944,10,15,12,13,NOT_NAMED,18.5,-80.8,85,0,18.5 -80.8,2012,L4,78
1944,10,15,18,13,NOT_NAMED,18.7,-81.3,85,0,18.7 -81.3,2012,L4,84
1944,10,16,0,13,NOT_NAMED,19,-81.7,90,0,19 -81.7,2012,L4,90
1944,10,16,6,13,NOT_NAMED,19.2,-82.1,90,0,19.2 -82.1,2012,L4,96
1944,10,16,12,13,NOT_NAMED,19.4,-82.4,90,0,19.4 -82.4,2012,L4,102
1944,10,16,18,13,NOT_NAMED,19.5,-82.7,90,0,19.5 -82.7,2012,L4,108
1944,10,17,0,13,NOT_NAMED,19.6,-82.9,90,0,19.6 -82.9,2012,L4,114
1944,10,17,6,13,NOT_NAMED,19.7,-82.9,95,0,19.7 -82.9,2012,L4,120
1944,10,17,12,13,NOT_NAMED,20,-82.9,95,0,20 -82.9,2012,L4,126
1944,10,17,18,13,NOT_NAMED,20.6,-82.9,105,0,20.6 -82.9,2012,L4,132
1944,10,18,0,13,NOT_NAMED,21.4,-82.9,115,0,21.4 -82.9,2012,L4,138
1944,10,18,6,13,NOT_NAMED,22.2,-82.9,125,0,22.2 -82.9,2012,L4,144
1944,10,18,12,13,NOT_NAMED,23.1,-83,115,937,23.1 -83,2012,L4,150
1944,10,18,18,13,NOT_NAMED,24,-82.9,105,949,24 -82.9,2012,L4,156
1944,10,18,21,13,NOT_NAMED,24.6,-82.9,105,949,24.6 -82.9,2012,L4,162
1944,10,19,0,13,NOT_NAMED,25.3,-82.7,100,0,25.3 -82.7,2012,L4,168
1944,10,19,6,13,NOT_NAMED,26.9,-82.6,90,962,26.9 -82.6,2012,L4,174
1944,10,19,7,13,NOT_NAMED,27.2,-82.5,90,962,27.2 -82.5,2012,L4,180
1944,10,19,12,13,NOT_NAMED,28.4,-82.1,75,968,28.4 -82.1,2012,L4,186
1944,10,19,18,13,NOT_NAMED,29.8,-81.7,60,976,29.8 -81.7,2012,L4,192
1944,10,20,0,13,NOT_NAMED,31.2,-81.4,55,980,31.2 -81.4,2012,L4,198
1944,10,20,6,13,NOT_NAMED,32.4,-81,50,985,32.4 -81,2012,L4,204
1944,10,20,12,13,NOT_NAMED,33.7,-80.5,50,988,33.7 -80.5,2012,L4,210
1944,10,20,18,13,NOT_NAMED,35.4,-79,45,993,35.4 -79,2012,L4,216
1944,10,21,0,13,NOT_NAMED,37.1,-76.9,40,996,37.1 -76.9,2012,L4,222
1944,10,21,6,13,NOT_NAMED,38.3,-75,40,0,38.3 -75,2012,L4,228
1944,10,21,12,13,NOT_NAMED,39.4,-73.3,45,0,39.4 -73.3,2012,L4,234
1944,10,21,18,13,NOT_NAMED,40.7,-70.8,45,0,40.7 -70.8,2012,L4,240
1944,10,22,0,13,NOT_NAMED,42.7,-67.4,45,0,42.7 -67.4,2012,L4,246
1944,10,22,6,13,NOT_NAMED,44.9,-63.5,45,0,44.9 -63.5,2012,L4,252
1944,10,22,12,13,NOT_NAMED,47.5,-59.5,45,0,47.5 -59.5,2012,L4,258
1944,10,22,18,13,NOT_NAMED,50.5,-56.5,45,0,50.5 -56.5,2012,L4,264
1944,10,23,0,13,NOT_NAMED,54,-54,45,0,54 -54,2012,L4,270
1944,10,23,6,13,NOT_NAMED,57,-52,45,0,57 -52,2012,L4,276
1944,10,23,12,13,NOT_NAMED,59.5,-50,50,0,59.5 -50,2012,L4,282
1944,10,23,18,13,NOT_NAMED,61.5,-47,50,0,61.5 -47,2012,L4,288
1944,10,24,0,13,NOT_NAMED,63,-43.5,45,0,63 -43.5,2012,L4,294
1944,10,24,6,13,NOT_NAMED,64.5,-39,40,0,64.5 -39,2012,L4,300
1944,10,24,12,13,NOT_NAMED,66,-34,30,0,66 -34,2012,L4,306
1944,11,1,0,14,NOT_NAMED,12.2,-81.3,30,0,12.2 -81.3,2013,TS,6
1944,11,1,6,14,NOT_NAMED,12.1,-81.4,35,0,12.1 -81.4,2013,TS,12
1944,11,1,12,14,NOT_NAMED,12,-81.5,40,0,12 -81.5,2013,TS,18
1944,11,1,18,14,NOT_NAMED,11.9,-81.7,45,0,11.9 -81.7,2013,TS,24
1944,11,2,0,14,NOT_NAMED,11.7,-82,50,0,11.7 -82,2013,TS,30
1944,11,2,6,14,NOT_NAMED,11.6,-82.3,55,0,11.6 -82.3,2013,TS,36
1944,11,2,12,14,NOT_NAMED,11.5,-82.5,60,0,11.5 -82.5,2013,TS,42
1944,11,2,18,14,NOT_NAMED,11.4,-82.5,60,0,11.4 -82.5,2013,TS,48
1944,11,3,0,14,NOT_NAMED,11.3,-82.4,50,0,11.3 -82.4,2013,TS,54
1944,11,3,6,14,NOT_NAMED,11.3,-82.2,40,0,11.3 -82.2,2013,TS,60
1944,11,3,12,14,NOT_NAMED,11.3,-82,30,0,11.3 -82,2013,TS,66
1944,11,3,18,14,NOT_NAMED,11.3,-81.8,25,0,11.3 -81.8,2013,TS,72
1945,6,20,12,1,NOT_NAMED,19,-85.7,35,0,19 -85.7,2014,L2,6
1945,6,20,18,1,NOT_NAMED,19.5,-85.9,40,0,19.5 -85.9,2014,L2,12
1945,6,21,0,1,NOT_NAMED,20,-86.1,40,0,20 -86.1,2014,L2,18
1945,6,21,6,1,NOT_NAMED,20.6,-86.2,40,0,20.6 -86.2,2014,L2,24
1945,6,21,12,1,NOT_NAMED,21.4,-86.3,40,0,21.4 -86.3,2014,L2,30
1945,6,21,18,1,NOT_NAMED,22.2,-86.3,40,0,22.2 -86.3,2014,L2,36
1945,6,22,0,1,NOT_NAMED,23,-86.4,40,0,23 -86.4,2014,L2,42
1945,6,22,6,1,NOT_NAMED,23.8,-86.4,45,0,23.8 -86.4,2014,L2,48
1945,6,22,12,1,NOT_NAMED,24.5,-86.5,45,0,24.5 -86.5,2014,L2,54
1945,6,22,18,1,NOT_NAMED,25.2,-86.6,50,0,25.2 -86.6,2014,L2,60
1945,6,23,0,1,NOT_NAMED,25.9,-86.6,50,0,25.9 -86.6,2014,L2,66
1945,6,23,6,1,NOT_NAMED,26.6,-86.6,55,0,26.6 -86.6,2014,L2,72
1945,6,23,12,1,NOT_NAMED,27.2,-86.5,70,0,27.2 -86.5,2014,L2,78
1945,6,23,18,1,NOT_NAMED,27.6,-86,85,0,27.6 -86,2014,L2,84
1945,6,24,0,1,NOT_NAMED,28,-85,80,0,28 -85,2014,L2,90
1945,6,24,6,1,NOT_NAMED,28.5,-83.5,70,0,28.5 -83.5,2014,L2,96
1945,6,24,8,1,NOT_NAMED,28.6,-82.7,70,0,28.6 -82.7,2014,L2,102
1945,6,24,12,1,NOT_NAMED,29,-82,50,0,29 -82,2014,L2,108
1945,6,24,18,1,NOT_NAMED,29.8,-81,60,0,29.8 -81,2014,L2,114
1945,6,25,0,1,NOT_NAMED,30.7,-80.1,65,0,30.7 -80.1,2014,L2,120
1945,6,25,6,1,NOT_NAMED,31.7,-79.3,65,0,31.7 -79.3,2014,L2,126
1945,6,25,12,1,NOT_NAMED,32.8,-78.5,65,0,32.8 -78.5,2014,L2,132
1945,6,25,18,1,NOT_NAMED,33.8,-77.5,65,0,33.8 -77.5,2014,L2,138
1945,6,26,0,1,NOT_NAMED,34.6,-76.7,65,0,34.6 -76.7,2014,L2,144
1945,6,26,1,1,NOT_NAMED,34.7,-76.6,65,0,34.7 -76.6,2014,L2,150
1945,6,26,6,1,NOT_NAMED,35.8,-75.5,65,0,35.8 -75.5,2014,L2,156
1945,6,26,12,1,NOT_NAMED,37.3,-73.8,65,0,37.3 -73.8,2014,L2,162
1945,6,26,18,1,NOT_NAMED,38.4,-72.3,65,0,38.4 -72.3,2014,L2,168
1945,6,27,0,1,NOT_NAMED,39.4,-71.1,65,0,39.4 -71.1,2014,L2,174
1945,6,27,6,1,NOT_NAMED,40.2,-70.1,65,0,40.2 -70.1,2014,L2,180
1945,6,27,12,1,NOT_NAMED,40.8,-69,65,0,40.8 -69,2014,L2,186
1945,6,27,18,1,NOT_NAMED,41.3,-68.1,55,0,41.3 -68.1,2014,L2,192
1945,6,28,0,1,NOT_NAMED,41.7,-67.3,45,0,41.7 -67.3,2014,L2,198
1945,6,28,6,1,NOT_NAMED,41.9,-66.5,45,0,41.9 -66.5,2014,L2,204
1945,6,28,12,1,NOT_NAMED,42.2,-65.5,45,0,42.2 -65.5,2014,L2,210
1945,6,28,18,1,NOT_NAMED,42.6,-64.4,40,0,42.6 -64.4,2014,L2,216
1945,6,29,0,1,NOT_NAMED,43.1,-63.2,40,0,43.1 -63.2,2014,L2,222
1945,6,29,6,1,NOT_NAMED,43.8,-61.7,40,0,43.8 -61.7,2014,L2,228
1945,6,29,12,1,NOT_NAMED,44.8,-60,40,0,44.8 -60,2014,L2,234
1945,6,29,18,1,NOT_NAMED,45.9,-58.3,40,0,45.9 -58.3,2014,L2,240
1945,6,30,0,1,NOT_NAMED,47.1,-56.6,35,0,47.1 -56.6,2014,L2,246
1945,6,30,6,1,NOT_NAMED,48.5,-54.8,35,0,48.5 -54.8,2014,L2,252
1945,6,30,12,1,NOT_NAMED,50,-53,35,0,50 -53,2014,L2,258
1945,6,30,18,1,NOT_NAMED,51.7,-50.5,35,0,51.7 -50.5,2014,L2,264
1945,7,1,0,1,NOT_NAMED,53.6,-47.5,35,0,53.6 -47.5,2014,L2,270
1945,7,1,6,1,NOT_NAMED,55.8,-44.2,35,0,55.8 -44.2,2014,L2,276
1945,7,1,12,1,NOT_NAMED,57.8,-41.2,35,0,57.8 -41.2,2014,L2,282
1945,7,1,18,1,NOT_NAMED,59.3,-39,35,0,59.3 -39,2014,L2,288
1945,7,2,0,1,NOT_NAMED,60.3,-37.3,40,0,60.3 -37.3,2014,L2,294
1945,7,2,6,1,NOT_NAMED,60.7,-35.8,40,0,60.7 -35.8,2014,L2,300
1945,7,2,12,1,NOT_NAMED,61,-34.5,40,0,61 -34.5,2014,L2,306
1945,7,2,18,1,NOT_NAMED,61.2,-33.3,40,0,61.2 -33.3,2014,L2,312
1945,7,3,0,1,NOT_NAMED,61.4,-32.3,35,0,61.4 -32.3,2014,L2,318
1945,7,3,6,1,NOT_NAMED,61.7,-31.3,35,0,61.7 -31.3,2014,L2,324
1945,7,3,12,1,NOT_NAMED,62,-30,30,0,62 -30,2014,L2,330
1945,7,3,18,1,NOT_NAMED,62.4,-28.6,30,0,62.4 -28.6,2014,L2,336
1945,7,4,0,1,NOT_NAMED,62.9,-27.1,30,0,62.9 -27.1,2014,L2,342
1945,7,4,6,1,NOT_NAMED,63.6,-25.6,30,0,63.6 -25.6,2014,L2,348
1945,7,4,12,1,NOT_NAMED,64.5,-24,25,0,64.5 -24,2014,L2,354
1945,7,19,6,2,NOT_NAMED,25.7,-90,30,0,25.7 -90,2015,TS,6
1945,7,19,12,2,NOT_NAMED,26,-90.8,30,0,26 -90.8,2015,TS,12
1945,7,19,18,2,NOT_NAMED,26.3,-91.5,30,0,26.3 -91.5,2015,TS,18
1945,7,20,0,2,NOT_NAMED,26.6,-92.2,35,0,26.6 -92.2,2015,TS,24
1945,7,20,6,2,NOT_NAMED,26.8,-92.8,35,0,26.8 -92.8,2015,TS,30
1945,7,20,12,2,NOT_NAMED,27,-93.4,35,0,27 -93.4,2015,TS,36
1945,7,20,18,2,NOT_NAMED,27.3,-93.9,35,0,27.3 -93.9,2015,TS,42
1945,7,21,0,2,NOT_NAMED,27.6,-94.4,35,0,27.6 -94.4,2015,TS,48
1945,7,21,6,2,NOT_NAMED,27.8,-94.9,35,0,27.8 -94.9,2015,TS,54
1945,7,21,12,2,NOT_NAMED,27.8,-95.4,35,0,27.8 -95.4,2015,TS,60
1945,7,21,18,2,NOT_NAMED,27.6,-95.8,35,0,27.6 -95.8,2015,TS,66
1945,7,22,0,2,NOT_NAMED,27.2,-96.2,30,0,27.2 -96.2,2015,TS,72
1945,7,22,6,2,NOT_NAMED,26.9,-96.9,25,0,26.9 -96.9,2015,TS,78
1945,8,2,0,3,NOT_NAMED,13.6,-58.3,35,0,13.6 -58.3,2016,TS,6
1945,8,2,6,3,NOT_NAMED,14.1,-58.9,40,0,14.1 -58.9,2016,TS,12
1945,8,2,12,3,NOT_NAMED,14.5,-59.7,40,0,14.5 -59.7,2016,TS,18
1945,8,2,18,3,NOT_NAMED,15,-60.7,45,0,15 -60.7,2016,TS,24
1945,8,3,0,3,NOT_NAMED,15.6,-62,45,0,15.6 -62,2016,TS,30
1945,8,3,6,3,NOT_NAMED,16.1,-63.3,50,0,16.1 -63.3,2016,TS,36
1945,8,3,12,3,NOT_NAMED,16.6,-64.7,50,0,16.6 -64.7,2016,TS,42
1945,8,3,18,3,NOT_NAMED,16.9,-66.2,50,0,16.9 -66.2,2016,TS,48
1945,8,4,0,3,NOT_NAMED,17.2,-67.5,50,0,17.2 -67.5,2016,TS,54
1945,8,4,6,3,NOT_NAMED,17.6,-68.7,50,0,17.6 -68.7,2016,TS,60
1945,8,4,12,3,NOT_NAMED,18.1,-70,50,0,18.1 -70,2016,TS,66
1945,8,4,18,3,NOT_NAMED,18.7,-71.3,30,0,18.7 -71.3,2016,TS,72
1945,8,17,18,4,NOT_NAMED,17.4,-53.5,35,0,17.4 -53.5,2017,TS,6
1945,8,18,0,4,NOT_NAMED,17.7,-54.9,45,0,17.7 -54.9,2017,TS,12
1945,8,18,6,4,NOT_NAMED,17.9,-56.4,55,0,17.9 -56.4,2017,TS,18
1945,8,18,12,4,NOT_NAMED,18.2,-58,60,0,18.2 -58,2017,TS,24
1945,8,18,18,4,NOT_NAMED,18.5,-59.7,60,0,18.5 -59.7,2017,TS,30
1945,8,19,0,4,NOT_NAMED,18.8,-61.5,60,0,18.8 -61.5,2017,TS,36
1945,8,19,6,4,NOT_NAMED,19.2,-63.3,55,0,19.2 -63.3,2017,TS,42
1945,8,19,12,4,NOT_NAMED,19.6,-65,50,0,19.6 -65,2017,TS,48
1945,8,19,18,4,NOT_NAMED,20.1,-66.7,50,0,20.1 -66.7,2017,TS,54
1945,8,20,0,4,NOT_NAMED,20.6,-68.3,45,0,20.6 -68.3,2017,TS,60
1945,8,20,6,4,NOT_NAMED,21.1,-69.9,40,0,21.1 -69.9,2017,TS,66
1945,8,20,12,4,NOT_NAMED,21.4,-71.8,40,0,21.4 -71.8,2017,TS,72
1945,8,20,18,4,NOT_NAMED,21.6,-73.8,35,0,21.6 -73.8,2017,TS,78
1945,8,21,0,4,NOT_NAMED,21.8,-75.6,30,0,21.8 -75.6,2017,TS,84
1945,8,21,6,4,NOT_NAMED,22,-77.2,25,0,22 -77.2,2017,TS,90
1945,8,24,0,5,NOT_NAMED,20.5,-94.4,40,0,20.5 -94.4,2018,L3,6
1945,8,24,6,5,NOT_NAMED,21.3,-94.7,45,0,21.3 -94.7,2018,L3,12
1945,8,24,12,5,NOT_NAMED,22,-95,50,0,22 -95,2018,L3,18
1945,8,24,18,5,NOT_NAMED,22.6,-95.3,55,0,22.6 -95.3,2018,L3,24
1945,8,25,0,5,NOT_NAMED,23.3,-95.6,60,0,23.3 -95.6,2018,L3,30
1945,8,25,6,5,NOT_NAMED,24,-95.8,70,0,24 -95.8,2018,L3,36
1945,8,25,12,5,NOT_NAMED,24.7,-96,80,0,24.7 -96,2018,L3,42
1945,8,25,18,5,NOT_NAMED,25.3,-96.2,85,0,25.3 -96.2,2018,L3,48
1945,8,26,0,5,NOT_NAMED,25.9,-96.4,90,0,25.9 -96.4,2018,L3,54
1945,8,26,6,5,NOT_NAMED,26.5,-96.6,95,0,26.5 -96.6,2018,L3,60
1945,8,26,12,5,NOT_NAMED,27,-96.8,100,0,27 -96.8,2018,L3,66
1945,8,26,18,5,NOT_NAMED,27.3,-96.9,100,0,27.3 -96.9,2018,L3,72
1945,8,27,0,5,NOT_NAMED,27.5,-97,100,0,27.5 -97,2018,L3,78
1945,8,27,6,5,NOT_NAMED,27.8,-97,100,0,27.8 -97,2018,L3,84
1945,8,27,12,5,NOT_NAMED,28.2,-96.7,100,963,28.2 -96.7,2018,L3,90
1945,8,27,18,5,NOT_NAMED,28.6,-96.3,90,966,28.6 -96.3,2018,L3,96
1945,8,28,0,5,NOT_NAMED,28.9,-96.1,75,0,28.9 -96.1,2018,L3,102
1945,8,28,6,5,NOT_NAMED,29.4,-96,65,980,29.4 -96,2018,L3,108
1945,8,28,12,5,NOT_NAMED,29.9,-96.1,50,987,29.9 -96.1,2018,L3,114
1945,8,28,18,5,NOT_NAMED,30.5,-96.3,40,993,30.5 -96.3,2018,L3,120
1945,8,29,0,5,NOT_NAMED,31,-96.6,35,998,31 -96.6,2018,L3,126
1945,8,29,6,5,NOT_NAMED,31.5,-97.1,30,1002,31.5 -97.1,2018,L3,132
1945,8,29,12,5,NOT_NAMED,31.8,-97.5,25,1006,31.8 -97.5,2018,L3,138
1945,8,29,18,5,NOT_NAMED,32.1,-97.9,20,1009,32.1 -97.9,2018,L3,144
1945,8,29,6,6,NOT_NAMED,13.6,-82.3,35,0,13.6 -82.3,2019,TS,6
1945,8,29,12,6,NOT_NAMED,14.2,-81.8,35,0,14.2 -81.8,2019,TS,12
1945,8,29,18,6,NOT_NAMED,14.8,-81.5,40,0,14.8 -81.5,2019,TS,18
1945,8,30,0,6,NOT_NAMED,15.5,-81.3,40,0,15.5 -81.3,2019,TS,24
1945,8,30,6,6,NOT_NAMED,16.4,-81.5,45,0,16.4 -81.5,2019,TS,30
1945,8,30,12,6,NOT_NAMED,17.2,-82.2,50,0,17.2 -82.2,2019,TS,36
1945,8,30,18,6,NOT_NAMED,17.6,-83.2,50,0,17.6 -83.2,2019,TS,42
1945,8,31,0,6,NOT_NAMED,17.7,-84.4,55,0,17.7 -84.4,2019,TS,48
1945,8,31,6,6,NOT_NAMED,17.8,-85.6,55,0,17.8 -85.6,2019,TS,54
1945,8,31,12,6,NOT_NAMED,17.7,-86.9,60,0,17.7 -86.9,2019,TS,60
1945,8,31,18,6,NOT_NAMED,17.4,-88.2,60,990,17.4 -88.2,2019,TS,66
1945,9,1,0,6,NOT_NAMED,17.2,-89.4,40,0,17.2 -89.4,2019,TS,72
1945,9,1,6,6,NOT_NAMED,17.1,-90.4,30,0,17.1 -90.4,2019,TS,78
1945,9,1,12,6,NOT_NAMED,17,-91.3,25,0,17 -91.3,2019,TS,84
1945,9,1,18,6,NOT_NAMED,17,-92,25,0,17 -92,2019,TS,90
1945,9,3,18,7,NOT_NAMED,21,-84.6,30,0,21 -84.6,2020,TS,6
1945,9,4,0,7,NOT_NAMED,22.1,-83.8,30,0,22.1 -83.8,2020,TS,12
1945,9,4,6,7,NOT_NAMED,23.2,-82.8,30,0,23.2 -82.8,2020,TS,18
1945,9,4,12,7,NOT_NAMED,24.4,-82.1,35,0,24.4 -82.1,2020,TS,24
1945,9,4,18,7,NOT_NAMED,25.5,-82,35,0,25.5 -82,2020,TS,30
1945,9,5,0,7,NOT_NAMED,26.5,-82.1,35,0,26.5 -82.1,2020,TS,36
1945,9,5,6,7,NOT_NAMED,27.5,-83.8,35,0,27.5 -83.8,2020,TS,42
1945,9,5,12,7,NOT_NAMED,28.5,-86,30,0,28.5 -86,2020,TS,48
1945,9,5,18,7,NOT_NAMED,29.3,-87.5,30,0,29.3 -87.5,2020,TS,54
1945,9,6,0,7,NOT_NAMED,30,-88.8,30,0,30 -88.8,2020,TS,60
1945,9,6,6,7,NOT_NAMED,30.7,-89.8,25,0,30.7 -89.8,2020,TS,66
1945,9,6,12,7,NOT_NAMED,31.3,-90.8,25,0,31.3 -90.8,2020,TS,72
1945,9,6,18,7,NOT_NAMED,31.9,-91.9,20,0,31.9 -91.9,2020,TS,78
1945,9,9,12,8,NOT_NAMED,16.4,-58.3,45,0,16.4 -58.3,2021,TS,6
1945,9,9,18,8,NOT_NAMED,17.4,-59.2,45,1009,17.4 -59.2,2021,TS,12
1945,9,10,0,8,NOT_NAMED,18.3,-60,45,0,18.3 -60,2021,TS,18
1945,9,10,6,8,NOT_NAMED,19.1,-60.8,45,0,19.1 -60.8,2021,TS,24
1945,9,10,12,8,NOT_NAMED,20.1,-61.8,50,0,20.1 -61.8,2021,TS,30
1945,9,10,18,8,NOT_NAMED,21.3,-63.2,50,0,21.3 -63.2,2021,TS,36
1945,9,11,0,8,NOT_NAMED,22.6,-64.9,50,0,22.6 -64.9,2021,TS,42
1945,9,11,6,8,NOT_NAMED,24,-66.1,50,0,24 -66.1,2021,TS,48
1945,9,11,12,8,NOT_NAMED,25.5,-67,45,0,25.5 -67,2021,TS,54
1945,9,11,18,8,NOT_NAMED,27,-67.3,45,0,27 -67.3,2021,TS,60
1945,9,12,0,8,NOT_NAMED,28.6,-67.4,40,0,28.6 -67.4,2021,TS,66
1945,9,12,6,8,NOT_NAMED,30.3,-67.3,40,0,30.3 -67.3,2021,TS,72
1945,9,12,12,8,NOT_NAMED,32.2,-67.1,35,0,32.2 -67.1,2021,TS,78
1945,9,12,18,8,NOT_NAMED,34.5,-66.7,30,0,34.5 -66.7,2021,TS,84
1945,9,12,0,9,NOT_NAMED,19,-58.5,65,0,19 -58.5,2022,L4,6
1945,9,12,6,9,NOT_NAMED,19.1,-59.9,70,0,19.1 -59.9,2022,L4,12
1945,9,12,12,9,NOT_NAMED,19.2,-61.3,75,0,19.2 -61.3,2022,L4,18
1945,9,12,18,9,NOT_NAMED,19.3,-62.6,80,0,19.3 -62.6,2022,L4,24
1945,9,13,0,9,NOT_NAMED,19.5,-63.8,85,0,19.5 -63.8,2022,L4,30
1945,9,13,6,9,NOT_NAMED,19.8,-64.9,95,0,19.8 -64.9,2022,L4,36
1945,9,13,12,9,NOT_NAMED,20.2,-66.2,95,0,20.2 -66.2,2022,L4,42
1945,9,13,18,9,NOT_NAMED,20.6,-68,100,0,20.6 -68,2022,L4,48
1945,9,14,0,9,NOT_NAMED,21,-70,100,0,21 -70,2022,L4,54
1945,9,14,6,9,NOT_NAMED,21.3,-71.7,105,0,21.3 -71.7,2022,L4,60
1945,9,14,12,9,NOT_NAMED,21.6,-73,105,0,21.6 -73,2022,L4,66
1945,9,14,18,9,NOT_NAMED,22,-74.4,105,0,22 -74.4,2022,L4,72
1945,9,15,0,9,NOT_NAMED,22.6,-75.8,105,0,22.6 -75.8,2022,L4,78
1945,9,15,6,9,NOT_NAMED,23.4,-77.2,110,0,23.4 -77.2,2022,L4,84
1945,9,15,12,9,NOT_NAMED,24.2,-78.6,115,0,24.2 -78.6,2022,L4,90
1945,9,15,18,9,NOT_NAMED,25.1,-80,115,949,25.1 -80,2022,L4,96
1945,9,15,19,9,NOT_NAMED,25.3,-80.3,115,949,25.3 -80.3,2022,L4,102
1945,9,15,20,9,NOT_NAMED,25.4,-80.4,115,949,25.4 -80.4,2022,L4,108
1945,9,16,0,9,NOT_NAMED,25.9,-80.9,100,954,25.9 -80.9,2022,L4,114
1945,9,16,6,9,NOT_NAMED,26.6,-81.5,85,963,26.6 -81.5,2022,L4,120
1945,9,16,12,9,NOT_NAMED,27.5,-81.8,75,974,27.5 -81.8,2022,L4,126
1945,9,16,18,9,NOT_NAMED,28.5,-81.7,70,982,28.5 -81.7,2022,L4,132
1945,9,17,0,9,NOT_NAMED,29.6,-81.5,65,987,29.6 -81.5,2022,L4,138
1945,9,17,6,9,NOT_NAMED,31,-81.2,60,990,31 -81.2,2022,L4,144
1945,9,17,11,9,NOT_NAMED,32.1,-80.9,60,990,32.1 -80.9,2022,L4,150
1945,9,17,12,9,NOT_NAMED,32.3,-80.8,60,990,32.3 -80.8,2022,L4,156
1945,9,17,18,9,NOT_NAMED,33.4,-80.3,50,996,33.4 -80.3,2022,L4,162
1945,9,18,0,9,NOT_NAMED,34.4,-79.9,50,1000,34.4 -79.9,2022,L4,168
1945,9,18,6,9,NOT_NAMED,35.6,-79.3,45,1006,35.6 -79.3,2022,L4,174
1945,9,18,12,9,NOT_NAMED,36.8,-78.5,40,1012,36.8 -78.5,2022,L4,180
1945,9,18,18,9,NOT_NAMED,38.3,-77,35,0,38.3 -77,2022,L4,186
1945,9,19,0,9,NOT_NAMED,40.3,-75,30,0,40.3 -75,2022,L4,192
1945,9,19,6,9,NOT_NAMED,42.3,-72.4,25,0,42.3 -72.4,2022,L4,198
1945,9,19,12,9,NOT_NAMED,44.1,-69,25,0,44.1 -69,2022,L4,204
1945,9,19,18,9,NOT_NAMED,45.1,-65,25,0,45.1 -65,2022,L4,210
1945,9,20,0,9,NOT_NAMED,45.6,-60.6,30,0,45.6 -60.6,2022,L4,216
1945,9,20,6,9,NOT_NAMED,46.3,-54.8,30,0,46.3 -54.8,2022,L4,222
1945,9,20,12,9,NOT_NAMED,47,-49,35,0,47 -49,2022,L4,228
1945,9,20,18,9,NOT_NAMED,47.9,-46.1,35,0,47.9 -46.1,2022,L4,234
1945,10,2,6,10,NOT_NAMED,15.5,-81,40,0,15.5 -81,2023,L1,6
1945,10,2,12,10,NOT_NAMED,15.6,-81.5,50,0,15.6 -81.5,2023,L1,12
1945,10,2,18,10,NOT_NAMED,15.8,-82,60,0,15.8 -82,2023,L1,18
1945,10,3,0,10,NOT_NAMED,16.1,-82.5,65,0,16.1 -82.5,2023,L1,24
1945,10,3,6,10,NOT_NAMED,16.4,-83.1,70,0,16.4 -83.1,2023,L1,30
1945,10,3,12,10,NOT_NAMED,16.6,-83.8,70,987,16.6 -83.8,2023,L1,36
1945,10,3,18,10,NOT_NAMED,16.8,-84.9,75,982,16.8 -84.9,2023,L1,42
1945,10,4,0,10,NOT_NAMED,16.6,-86.1,80,0,16.6 -86.1,2023,L1,48
1945,10,4,6,10,NOT_NAMED,16.4,-87.4,80,0,16.4 -87.4,2023,L1,54
1945,10,4,12,10,NOT_NAMED,16.2,-88.7,80,0,16.2 -88.7,2023,L1,60
1945,10,4,18,10,NOT_NAMED,16,-90,55,0,16 -90,2023,L1,66
1945,10,5,0,10,NOT_NAMED,15.8,-91.3,35,0,15.8 -91.3,2023,L1,72
1945,10,5,6,10,NOT_NAMED,15.7,-92.6,30,0,15.7 -92.6,2023,L1,78
1945,10,5,12,10,NOT_NAMED,15.5,-94,30,0,15.5 -94,2023,L1,84
1945,10,5,18,10,NOT_NAMED,15.5,-95.7,30,0,15.5 -95.7,2023,L1,90
1945,10,6,0,10,NOT_NAMED,15.8,-97.7,30,0,15.8 -97.7,2023,L1,96
1945,10,6,6,10,NOT_NAMED,16.3,-99.7,30,0,16.3 -99.7,2023,L1,102
1945,10,6,12,10,NOT_NAMED,17,-101.5,30,0,17 -101.5,2023,L1,108
1945,10,6,18,10,NOT_NAMED,18,-102.7,30,0,18 -102.7,2023,L1,114
1945,10,7,0,10,NOT_NAMED,19.3,-103.5,30,0,19.3 -103.5,2023,L1,120
1945,10,7,6,10,NOT_NAMED,21,-104.1,30,0,21 -104.1,2023,L1,126
1945,10,7,12,10,NOT_NAMED,23,-104.5,25,0,23 -104.5,2023,L1,132
1945,10,10,12,11,NOT_NAMED,14,-77.9,30,0,14 -77.9,2024,L2,6
1945,10,10,18,11,NOT_NAMED,14.9,-78,30,0,14.9 -78,2024,L2,12
1945,10,11,0,11,NOT_NAMED,15.8,-78.9,35,0,15.8 -78.9,2024,L2,18
1945,10,11,6,11,NOT_NAMED,16.8,-79.8,35,0,16.8 -79.8,2024,L2,24
1945,10,11,12,11,NOT_NAMED,17.8,-80.3,45,0,17.8 -80.3,2024,L2,30
1945,10,11,18,11,NOT_NAMED,18.8,-80.3,55,0,18.8 -80.3,2024,L2,36
1945,10,12,0,11,NOT_NAMED,19.6,-80.2,65,0,19.6 -80.2,2024,L2,42
1945,10,12,6,11,NOT_NAMED,20.5,-79.8,75,0,20.5 -79.8,2024,L2,48
1945,10,12,12,11,NOT_NAMED,21.6,-79.3,85,0,21.6 -79.3,2024,L2,54
1945,10,12,18,11,NOT_NAMED,22.9,-78.6,80,0,22.9 -78.6,2024,L2,60
1945,10,13,0,11,NOT_NAMED,24.2,-77.2,80,0,24.2 -77.2,2024,L2,66
1945,10,13,6,11,NOT_NAMED,25.6,-75.8,75,982,25.6 -75.8,2024,L2,72
1945,10,13,12,11,NOT_NAMED,27.2,-73.8,70,0,27.2 -73.8,2024,L2,78
1945,10,13,18,11,NOT_NAMED,28.5,-70.5,65,0,28.5 -70.5,2024,L2,84
1945,10,14,0,11,NOT_NAMED,29.9,-68,65,0,29.9 -68,2024,L2,90
1945,10,14,6,11,NOT_NAMED,31.2,-64.2,55,0,31.2 -64.2,2024,L2,96
1945,10,14,12,11,NOT_NAMED,32.4,-60.5,40,0,32.4 -60.5,2024,L2,102
1945,10,14,18,11,NOT_NAMED,33.2,-57.5,35,0,33.2 -57.5,2024,L2,108
1945,10,15,0,11,NOT_NAMED,34,-54.5,35,0,34 -54.5,2024,L2,114
1945,10,15,6,11,NOT_NAMED,34.9,-50.5,35,0,34.9 -50.5,2024,L2,120
1945,10,15,12,11,NOT_NAMED,35.8,-45.5,35,0,35.8 -45.5,2024,L2,126
1945,10,15,18,11,NOT_NAMED,36.7,-42.2,35,0,36.7 -42.2,2024,L2,132
1945,10,16,0,11,NOT_NAMED,37.2,-40,30,0,37.2 -40,2024,L2,138
1945,10,16,6,11,NOT_NAMED,37.8,-37.7,30,0,37.8 -37.7,2024,L2,144
1945,10,16,12,11,NOT_NAMED,38.3,-35,30,0,38.3 -35,2024,L2,150
1945,10,16,18,11,NOT_NAMED,39,-32.2,30,0,39 -32.2,2024,L2,156
1946,6,13,18,1,NOT_NAMED,27,-85.5,35,0,27 -85.5,2025,TS,6
1946,6,14,0,1,NOT_NAMED,27.9,-86.2,35,0,27.9 -86.2,2025,TS,12
1946,6,14,6,1,NOT_NAMED,28.3,-86.8,35,0,28.3 -86.8,2025,TS,18
1946,6,14,12,1,NOT_NAMED,28.6,-87.5,35,0,28.6 -87.5,2025,TS,24
1946,6,14,18,1,NOT_NAMED,28.7,-88.6,35,0,28.7 -88.6,2025,TS,30
1946,6,15,0,1,NOT_NAMED,28.7,-89.7,35,0,28.7 -89.7,2025,TS,36
1946,6,15,6,1,NOT_NAMED,28.8,-90.5,35,0,28.8 -90.5,2025,TS,42
1946,6,15,12,1,NOT_NAMED,28.8,-91.2,35,0,28.8 -91.2,2025,TS,48
1946,6,15,18,1,NOT_NAMED,28.8,-92.2,35,0,28.8 -92.2,2025,TS,54
1946,6,16,0,1,NOT_NAMED,29.1,-93,35,0,29.1 -93,2025,TS,60
1946,6,16,6,1,NOT_NAMED,29.6,-93.5,35,0,29.6 -93.5,2025,TS,66
1946,6,16,12,1,NOT_NAMED,30.2,-94,35,0,30.2 -94,2025,TS,72
1946,6,16,18,1,NOT_NAMED,30.8,-94.5,25,0,30.8 -94.5,2025,TS,78
1946,7,5,6,2,NOT_NAMED,29,-79,35,0,29 -79,2026,L1,6
1946,7,5,12,2,NOT_NAMED,31.8,-79.6,40,1006,31.8 -79.6,2026,L1,12
1946,7,5,18,2,NOT_NAMED,32.7,-79.3,40,0,32.7 -79.3,2026,L1,18
1946,7,6,0,2,NOT_NAMED,33.4,-78.9,40,0,33.4 -78.9,2026,L1,24
1946,7,6,6,2,NOT_NAMED,34,-78.4,40,0,34 -78.4,2026,L1,30
1946,7,6,12,2,NOT_NAMED,34.6,-77.7,40,0,34.6 -77.7,2026,L1,36
1946,7,6,18,2,NOT_NAMED,35.4,-76.7,45,0,35.4 -76.7,2026,L1,42
1946,7,7,0,2,NOT_NAMED,36.1,-75.4,55,0,36.1 -75.4,2026,L1,48
1946,7,7,6,2,NOT_NAMED,36.3,-73.8,60,0,36.3 -73.8,2026,L1,54
1946,7,7,12,2,NOT_NAMED,36.5,-72.3,65,0,36.5 -72.3,2026,L1,60
1946,7,7,18,2,NOT_NAMED,36.7,-70.8,70,0,36.7 -70.8,2026,L1,66
1946,7,8,0,2,NOT_NAMED,37,-69.3,70,0,37 -69.3,2026,L1,72
1946,7,8,6,2,NOT_NAMED,37.5,-67.7,70,0,37.5 -67.7,2026,L1,78
1946,7,8,12,2,NOT_NAMED,38,-66,70,0,38 -66,2026,L1,84
1946,7,8,18,2,NOT_NAMED,38.5,-64.5,70,0,38.5 -64.5,2026,L1,90
1946,7,9,0,2,NOT_NAMED,39,-63,65,0,39 -63,2026,L1,96
1946,7,9,6,2,NOT_NAMED,39.6,-61.6,60,0,39.6 -61.6,2026,L1,102
1946,7,9,12,2,NOT_NAMED,40.4,-60.1,55,0,40.4 -60.1,2026,L1,108
1946,7,9,18,2,NOT_NAMED,41.4,-58.2,50,0,41.4 -58.2,2026,L1,114
1946,7,10,0,2,NOT_NAMED,42.7,-56,45,0,42.7 -56,2026,L1,120
1946,7,10,6,2,NOT_NAMED,44.2,-53.8,40,0,44.2 -53.8,2026,L1,126
1946,7,10,12,2,NOT_NAMED,44.8,-51.5,40,0,44.8 -51.5,2026,L1,132
1946,7,10,18,2,NOT_NAMED,46,-49.7,35,0,46 -49.7,2026,L1,138
1946,8,25,0,3,NOT_NAMED,20.5,-93.2,35,0,20.5 -93.2,2027,TS,6
1946,8,25,6,3,NOT_NAMED,21.1,-95,35,0,21.1 -95,2027,TS,12
1946,8,25,12,3,NOT_NAMED,21.4,-96,35,0,21.4 -96,2027,TS,18
1946,8,25,18,3,NOT_NAMED,21.9,-97.8,35,0,21.9 -97.8,2027,TS,24
1946,8,26,0,3,NOT_NAMED,22.5,-99.9,30,0,22.5 -99.9,2027,TS,30
1946,9,12,6,4,NOT_NAMED,23.8,-79.6,50,0,23.8 -79.6,2028,L2,6
1946,9,12,12,4,NOT_NAMED,24.9,-79.2,55,0,24.9 -79.2,2028,L2,12
1946,9,12,18,4,NOT_NAMED,25.6,-78.8,60,0,25.6 -78.8,2028,L2,18
1946,9,13,0,4,NOT_NAMED,26.4,-77.9,65,0,26.4 -77.9,2028,L2,24
1946,9,13,6,4,NOT_NAMED,27.2,-76.8,75,994,27.2 -76.8,2028,L2,30
1946,9,13,12,4,NOT_NAMED,28.4,-75,85,0,28.4 -75,2028,L2,36
1946,9,13,18,4,NOT_NAMED,30.1,-73.5,85,975,30.1 -73.5,2028,L2,42
1946,9,14,0,4,NOT_NAMED,31.8,-72,80,0,31.8 -72,2028,L2,48
1946,9,14,6,4,NOT_NAMED,33.4,-70.9,80,0,33.4 -70.9,2028,L2,54
1946,9,14,12,4,NOT_NAMED,35,-70,75,0,35 -70,2028,L2,60
1946,9,14,18,4,NOT_NAMED,36.8,-68.8,75,0,36.8 -68.8,2028,L2,66
1946,9,15,0,4,NOT_NAMED,38.7,-67.5,70,0,38.7 -67.5,2028,L2,72
1946,9,15,6,4,NOT_NAMED,40.7,-66,65,0,40.7 -66,2028,L2,78
1946,9,15,12,4,NOT_NAMED,42.7,-64.2,60,0,42.7 -64.2,2028,L2,84
1946,9,15,18,4,NOT_NAMED,44.8,-62,55,0,44.8 -62,2028,L2,90
1946,9,16,0,4,NOT_NAMED,47,-58.9,50,0,47 -58.9,2028,L2,96
1946,9,16,6,4,NOT_NAMED,48.7,-54.2,50,0,48.7 -54.2,2028,L2,102
1946,9,16,12,4,NOT_NAMED,49.7,-49.4,45,0,49.7 -49.4,2028,L2,108
1946,9,16,18,4,NOT_NAMED,49.8,-46.4,45,0,49.8 -46.4,2028,L2,114
1946,9,17,0,4,NOT_NAMED,49.9,-43.2,45,0,49.9 -43.2,2028,L2,120
1946,9,17,6,4,NOT_NAMED,50,-39.1,45,0,50 -39.1,2028,L2,126
1946,9,17,12,4,NOT_NAMED,51,-35,40,0,51 -35,2028,L2,132
1946,10,5,6,5,NOT_NAMED,18,-87.2,35,0,18 -87.2,2029,L4,6
1946,10,5,12,5,NOT_NAMED,18.4,-86.7,40,0,18.4 -86.7,2029,L4,12
1946,10,5,18,5,NOT_NAMED,18.6,-86.5,45,1005,18.6 -86.5,2029,L4,18
1946,10,6,0,5,NOT_NAMED,18.8,-86.2,55,0,18.8 -86.2,2029,L4,24
1946,10,6,6,5,NOT_NAMED,19.1,-86,60,0,19.1 -86,2029,L4,30
1946,10,6,12,5,NOT_NAMED,19.6,-85.6,65,993,19.6 -85.6,2029,L4,36
1946,10,6,18,5,NOT_NAMED,20.3,-85.1,75,0,20.3 -85.1,2029,L4,42
1946,10,7,0,5,NOT_NAMED,21.3,-84.6,85,0,21.3 -84.6,2029,L4,48
1946,10,7,6,5,NOT_NAMED,22.3,-84.1,100,0,22.3 -84.1,2029,L4,54
1946,10,7,12,5,NOT_NAMED,23.7,-83.6,110,0,23.7 -83.6,2029,L4,60
1946,10,7,18,5,NOT_NAMED,25.4,-83.2,115,979,25.4 -83.2,2029,L4,66
1946,10,8,0,5,NOT_NAMED,27,-82.8,65,0,27 -82.8,2029,L4,72
1946,10,8,6,5,NOT_NAMED,28.6,-82.6,40,0,28.6 -82.6,2029,L4,78
1946,10,8,12,5,NOT_NAMED,30.3,-82.4,35,0,30.3 -82.4,2029,L4,84
1946,10,8,18,5,NOT_NAMED,31.9,-82.1,35,0,31.9 -82.1,2029,L4,90
1946,10,9,0,5,NOT_NAMED,33.5,-81.6,30,0,33.5 -81.6,2029,L4,96
1946,10,9,6,5,NOT_NAMED,34.6,-80.7,30,0,34.6 -80.7,2029,L4,102
1946,10,9,12,5,NOT_NAMED,35.3,-79.4,25,0,35.3 -79.4,2029,L4,108
1946,10,9,18,5,NOT_NAMED,35.8,-77.8,25,0,35.8 -77.8,2029,L4,114
1946,10,10,0,5,NOT_NAMED,36.1,-76.2,25,0,36.1 -76.2,2029,L4,120
1946,10,10,6,5,NOT_NAMED,36.3,-74.6,25,0,36.3 -74.6,2029,L4,126
1946,10,10,12,5,NOT_NAMED,36.2,-72.9,25,0,36.2 -72.9,2029,L4,132
1946,10,10,18,5,NOT_NAMED,35.9,-70.2,25,0,35.9 -70.2,2029,L4,138
1946,10,11,0,5,NOT_NAMED,35.3,-67.2,25,0,35.3 -67.2,2029,L4,144
1946,10,11,6,5,NOT_NAMED,34.5,-65,25,0,34.5 -65,2029,L4,150
1946,10,11,12,5,NOT_NAMED,33.8,-63.5,25,0,33.8 -63.5,2029,L4,156
1946,10,11,18,5,NOT_NAMED,33.2,-62.7,25,0,33.2 -62.7,2029,L4,162
1946,10,12,0,5,NOT_NAMED,32.6,-62.1,25,0,32.6 -62.1,2029,L4,168
1946,10,12,6,5,NOT_NAMED,32.1,-61.7,25,0,32.1 -61.7,2029,L4,174
1946,10,12,12,5,NOT_NAMED,31.5,-61.4,25,0,31.5 -61.4,2029,L4,180
1946,10,12,18,5,NOT_NAMED,30.4,-61.2,25,0,30.4 -61.2,2029,L4,186
1946,10,13,0,5,NOT_NAMED,29.2,-61.3,25,0,29.2 -61.3,2029,L4,192
1946,10,13,6,5,NOT_NAMED,28.1,-62,25,0,28.1 -62,2029,L4,198
1946,10,13,12,5,NOT_NAMED,27.2,-62.9,25,0,27.2 -62.9,2029,L4,204
1946,10,13,18,5,NOT_NAMED,26.6,-64,25,0,26.6 -64,2029,L4,210
1946,10,14,0,5,NOT_NAMED,26.4,-65,25,0,26.4 -65,2029,L4,216
1946,10,14,6,5,NOT_NAMED,26.3,-65.8,25,0,26.3 -65.8,2029,L4,222
1946,10,14,12,5,NOT_NAMED,26.2,-66.7,25,0,26.2 -66.7,2029,L4,228
1946,10,14,18,5,NOT_NAMED,26.2,-67.7,25,0,26.2 -67.7,2029,L4,234
1946,10,31,6,6,NOT_NAMED,20,-71,35,0,20 -71,2030,TS,6
1946,10,31,12,6,NOT_NAMED,20.6,-72,35,0,20.6 -72,2030,TS,12
1946,10,31,18,6,NOT_NAMED,21.9,-73.5,35,0,21.9 -73.5,2030,TS,18
1946,11,1,0,6,NOT_NAMED,23,-75,40,0,23 -75,2030,TS,24
1946,11,1,6,6,NOT_NAMED,23.9,-76.5,40,0,23.9 -76.5,2030,TS,30
1946,11,1,12,6,NOT_NAMED,24.8,-78,40,0,24.8 -78,2030,TS,36
1946,11,1,18,6,NOT_NAMED,25.8,-79.3,40,0,25.8 -79.3,2030,TS,42
1946,11,2,0,6,NOT_NAMED,26.8,-80.3,35,0,26.8 -80.3,2030,TS,48
1946,11,2,6,6,NOT_NAMED,27.7,-81.2,30,0,27.7 -81.2,2030,TS,54
1946,11,2,12,6,NOT_NAMED,28.5,-81.8,25,0,28.5 -81.8,2030,TS,60
1946,11,2,18,6,NOT_NAMED,30.2,-82,25,0,30.2 -82,2030,TS,66
1946,11,3,0,6,NOT_NAMED,31.7,-81,20,0,31.7 -81,2030,TS,72
1946,11,3,6,6,NOT_NAMED,32.3,-79.9,20,0,32.3 -79.9,2030,TS,78
1946,11,3,12,6,NOT_NAMED,33,-78.8,15,0,33 -78.8,2030,TS,84
1947,7,31,6,1,NOT_NAMED,19.5,-92,35,0,19.5 -92,2031,TS,6
1947,7,31,12,1,NOT_NAMED,20.2,-93.8,35,0,20.2 -93.8,2031,TS,12
1947,7,31,18,1,NOT_NAMED,20.6,-94.7,35,0,20.6 -94.7,2031,TS,18
1947,8,1,0,1,NOT_NAMED,21.1,-95.3,35,0,21.1 -95.3,2031,TS,24
1947,8,1,6,1,NOT_NAMED,22.6,-95.8,35,0,22.6 -95.8,2031,TS,30
1947,8,1,12,1,NOT_NAMED,24.1,-96.2,35,0,24.1 -96.2,2031,TS,36
1947,8,1,18,1,NOT_NAMED,25,-96.7,35,0,25 -96.7,2031,TS,42
1947,8,2,0,1,NOT_NAMED,25.6,-97.3,40,0,25.6 -97.3,2031,TS,48
1947,8,2,6,1,NOT_NAMED,26,-98.2,40,0,26 -98.2,2031,TS,54
1947,8,2,12,1,NOT_NAMED,26.3,-99,35,0,26.3 -99,2031,TS,60
1947,8,9,6,2,NOT_NAMED,13.7,-74.6,35,0,13.7 -74.6,2032,L2,6
1947,8,9,12,2,NOT_NAMED,13.8,-75.5,35,0,13.8 -75.5,2032,L2,12
1947,8,9,18,2,NOT_NAMED,13.9,-76.4,35,0,13.9 -76.4,2032,L2,18
1947,8,10,0,2,NOT_NAMED,14.1,-77.3,35,0,14.1 -77.3,2032,L2,24
1947,8,10,6,2,NOT_NAMED,14.5,-78.2,35,0,14.5 -78.2,2032,L2,30
1947,8,10,12,2,NOT_NAMED,15,-79,35,0,15 -79,2032,L2,36
1947,8,10,18,2,NOT_NAMED,15.5,-79.6,35,0,15.5 -79.6,2032,L2,42
1947,8,11,0,2,NOT_NAMED,16,-80.1,35,0,16 -80.1,2032,L2,48
1947,8,11,6,2,NOT_NAMED,16.6,-80.5,35,0,16.6 -80.5,2032,L2,54
1947,8,11,12,2,NOT_NAMED,17.2,-81,40,0,17.2 -81,2032,L2,60
1947,8,11,18,2,NOT_NAMED,17.9,-82,40,0,17.9 -82,2032,L2,66
1947,8,12,0,2,NOT_NAMED,18.7,-83.4,45,0,18.7 -83.4,2032,L2,72
1947,8,12,6,2,NOT_NAMED,19.3,-85,50,0,19.3 -85,2032,L2,78
1947,8,12,12,2,NOT_NAMED,19.7,-86.6,50,0,19.7 -86.6,2032,L2,84
1947,8,12,18,2,NOT_NAMED,20,-88.1,55,0,20 -88.1,2032,L2,90
1947,8,13,0,2,NOT_NAMED,20.3,-89.6,60,0,20.3 -89.6,2032,L2,96
1947,8,13,6,2,NOT_NAMED,20.6,-91.1,60,0,20.6 -91.1,2032,L2,102
1947,8,13,12,2,NOT_NAMED,21,-92.5,70,0,21 -92.5,2032,L2,108
1947,8,13,18,2,NOT_NAMED,21.4,-93.6,70,0,21.4 -93.6,2032,L2,114
1947,8,14,0,2,NOT_NAMED,21.6,-94.3,80,0,21.6 -94.3,2032,L2,120
1947,8,14,6,2,NOT_NAMED,21.7,-94.8,85,0,21.7 -94.8,2032,L2,126
1947,8,14,12,2,NOT_NAMED,21.8,-95.3,90,0,21.8 -95.3,2032,L2,132
1947,8,14,18,2,NOT_NAMED,21.9,-95.8,90,0,21.9 -95.8,2032,L2,138
1947,8,15,0,2,NOT_NAMED,22,-96.4,95,0,22 -96.4,2032,L2,144
1947,8,15,6,2,NOT_NAMED,22,-97.2,95,0,22 -97.2,2032,L2,150
1947,8,15,12,2,NOT_NAMED,22,-98,60,0,22 -98,2032,L2,156
1947,8,15,18,2,NOT_NAMED,22,-98.6,55,0,22 -98.6,2032,L2,162
1947,8,16,0,2,NOT_NAMED,22,-99,50,0,22 -99,2032,L2,168
1947,8,16,6,2,NOT_NAMED,22,-99.5,45,0,22 -99.5,2032,L2,174
1947,8,18,18,3,NOT_NAMED,24,-80,35,0,24 -80,2033,L1,6
1947,8,19,0,3,NOT_NAMED,24.1,-81.5,35,0,24.1 -81.5,2033,L1,12
1947,8,19,6,3,NOT_NAMED,24.1,-82.3,40,0,24.1 -82.3,2033,L1,18
1947,8,19,12,3,NOT_NAMED,24.2,-83.1,40,0,24.2 -83.1,2033,L1,24
1947,8,19,18,3,NOT_NAMED,24.3,-84,45,0,24.3 -84,2033,L1,30
1947,8,20,0,3,NOT_NAMED,24.3,-84.9,45,0,24.3 -84.9,2033,L1,36
1947,8,20,6,3,NOT_NAMED,24.4,-85.6,45,0,24.4 -85.6,2033,L1,42
1947,8,20,12,3,NOT_NAMED,24.5,-86.2,40,0,24.5 -86.2,2033,L1,48
1947,8,20,18,3,NOT_NAMED,24.6,-86.7,35,0,24.6 -86.7,2033,L1,54
1947,8,21,0,3,NOT_NAMED,24.8,-87.2,35,0,24.8 -87.2,2033,L1,60
1947,8,21,6,3,NOT_NAMED,25.1,-87.9,40,0,25.1 -87.9,2033,L1,66
1947,8,21,12,3,NOT_NAMED,25.4,-88.7,45,0,25.4 -88.7,2033,L1,72
1947,8,21,18,3,NOT_NAMED,25.7,-89.3,50,0,25.7 -89.3,2033,L1,78
1947,8,22,0,3,NOT_NAMED,26,-89.8,55,0,26 -89.8,2033,L1,84
1947,8,22,6,3,NOT_NAMED,26.3,-90.2,60,0,26.3 -90.2,2033,L1,90
1947,8,22,12,3,NOT_NAMED,26.5,-90.6,65,0,26.5 -90.6,2033,L1,96
1947,8,22,18,3,NOT_NAMED,26.9,-91.2,70,0,26.9 -91.2,2033,L1,102
1947,8,23,0,3,NOT_NAMED,27.2,-91.7,70,0,27.2 -91.7,2033,L1,108
1947,8,23,6,3,NOT_NAMED,27.5,-92.1,70,0,27.5 -92.1,2033,L1,114
1947,8,23,12,3,NOT_NAMED,27.8,-92.5,70,0,27.8 -92.5,2033,L1,120
1947,8,23,18,3,NOT_NAMED,28.1,-93.1,70,0,28.1 -93.1,2033,L1,126
1947,8,24,0,3,NOT_NAMED,28.4,-93.6,70,0,28.4 -93.6,2033,L1,132
1947,8,24,6,3,NOT_NAMED,28.7,-93.9,70,0,28.7 -93.9,2033,L1,138
1947,8,24,12,3,NOT_NAMED,29,-94.3,70,0,29 -94.3,2033,L1,144
1947,8,24,18,3,NOT_NAMED,29.2,-94.8,70,0,29.2 -94.8,2033,L1,150
1947,8,25,0,3,NOT_NAMED,29.5,-95.3,60,0,29.5 -95.3,2033,L1,156
1947,8,25,6,3,NOT_NAMED,29.8,-95.8,60,0,29.8 -95.8,2033,L1,162
1947,8,25,12,3,NOT_NAMED,30.2,-96.2,60,0,30.2 -96.2,2033,L1,168
1947,8,25,18,3,NOT_NAMED,30.5,-96.6,55,0,30.5 -96.6,2033,L1,174
1947,8,26,0,3,NOT_NAMED,30.8,-97,35,0,30.8 -97,2033,L1,180
1947,8,26,6,3,NOT_NAMED,31,-97.3,25,0,31 -97.3,2033,L1,186
1947,8,26,12,3,NOT_NAMED,31.4,-97.5,20,0,31.4 -97.5,2033,L1,192
1947,8,26,18,3,NOT_NAMED,31.8,-97.7,20,0,31.8 -97.7,2033,L1,198
1947,8,27,0,3,NOT_NAMED,32.3,-97.8,15,0,32.3 -97.8,2033,L1,204
1947,8,27,6,3,NOT_NAMED,33.3,-97.9,15,0,33.3 -97.9,2033,L1,210
1947,8,27,12,3,NOT_NAMED,34,-97.9,15,0,34 -97.9,2033,L1,216
1947,8,27,18,3,NOT_NAMED,35,-97.9,15,0,35 -97.9,2033,L1,222
1947,9,4,6,4,NOT_NAMED,14.5,-20.1,45,0,14.5 -20.1,2034,L5,6
1947,9,4,12,4,NOT_NAMED,14.3,-21.5,50,0,14.3 -21.5,2034,L5,12
1947,9,4,18,4,NOT_NAMED,14.2,-22.8,60,0,14.2 -22.8,2034,L5,18
1947,9,5,0,4,NOT_NAMED,14.1,-24,65,0,14.1 -24,2034,L5,24
1947,9,5,6,4,NOT_NAMED,14,-25,65,0,14 -25,2034,L5,30
1947,9,5,12,4,NOT_NAMED,14,-26.1,70,0,14 -26.1,2034,L5,36
1947,9,5,18,4,NOT_NAMED,14,-27.1,70,0,14 -27.1,2034,L5,42
1947,9,6,0,4,NOT_NAMED,14.1,-28.2,70,0,14.1 -28.2,2034,L5,48
1947,9,6,6,4,NOT_NAMED,14.2,-29.3,70,0,14.2 -29.3,2034,L5,54
1947,9,6,12,4,NOT_NAMED,14.3,-30.4,75,0,14.3 -30.4,2034,L5,60
1947,9,6,18,4,NOT_NAMED,14.3,-31.5,75,0,14.3 -31.5,2034,L5,66
1947,9,7,0,4,NOT_NAMED,14.3,-32.6,75,0,14.3 -32.6,2034,L5,72
1947,9,7,6,4,NOT_NAMED,14.2,-33.7,75,0,14.2 -33.7,2034,L5,78
1947,9,7,12,4,NOT_NAMED,14,-34.8,75,0,14 -34.8,2034,L5,84
1947,9,7,18,4,NOT_NAMED,13.7,-36,80,0,13.7 -36,2034,L5,90
1947,9,8,0,4,NOT_NAMED,13.3,-37.2,80,0,13.3 -37.2,2034,L5,96
1947,9,8,6,4,NOT_NAMED,12.8,-38.5,80,0,12.8 -38.5,2034,L5,102
1947,9,8,12,4,NOT_NAMED,12.4,-39.8,80,0,12.4 -39.8,2034,L5,108
1947,9,8,18,4,NOT_NAMED,12.1,-41,80,0,12.1 -41,2034,L5,114
1947,9,9,0,4,NOT_NAMED,11.9,-42,80,0,11.9 -42,2034,L5,120
1947,9,9,6,4,NOT_NAMED,11.7,-42.9,80,0,11.7 -42.9,2034,L5,126
1947,9,9,12,4,NOT_NAMED,11.6,-43.8,85,0,11.6 -43.8,2034,L5,132
1947,9,9,18,4,NOT_NAMED,11.6,-44.8,85,0,11.6 -44.8,2034,L5,138
1947,9,10,0,4,NOT_NAMED,11.7,-45.7,85,0,11.7 -45.7,2034,L5,144
1947,9,10,6,4,NOT_NAMED,12,-46.7,85,0,12 -46.7,2034,L5,150
1947,9,10,12,4,NOT_NAMED,12.3,-47.6,90,0,12.3 -47.6,2034,L5,156
1947,9,10,18,4,NOT_NAMED,12.7,-48.6,90,0,12.7 -48.6,2034,L5,162
1947,9,11,0,4,NOT_NAMED,13.2,-49.7,90,0,13.2 -49.7,2034,L5,168
1947,9,11,6,4,NOT_NAMED,13.7,-50.5,95,0,13.7 -50.5,2034,L5,174
1947,9,11,12,4,NOT_NAMED,14.2,-51.4,95,0,14.2 -51.4,2034,L5,180
1947,9,11,18,4,NOT_NAMED,15.1,-52.9,95,0,15.1 -52.9,2034,L5,186
1947,9,12,0,4,NOT_NAMED,16.1,-54.7,100,0,16.1 -54.7,2034,L5,192
1947,9,12,6,4,NOT_NAMED,17.2,-56.7,100,0,17.2 -56.7,2034,L5,198
1947,9,12,12,4,NOT_NAMED,18.2,-58.6,105,0,18.2 -58.6,2034,L5,204
1947,9,12,18,4,NOT_NAMED,18.9,-60,105,0,18.9 -60,2034,L5,210
1947,9,13,0,4,NOT_NAMED,19.5,-61.4,110,0,19.5 -61.4,2034,L5,216
1947,9,13,6,4,NOT_NAMED,20.3,-62.9,110,0,20.3 -62.9,2034,L5,222
1947,9,13,12,4,NOT_NAMED,21,-64.3,115,0,21 -64.3,2034,L5,228
1947,9,13,18,4,NOT_NAMED,21.5,-65.3,115,0,21.5 -65.3,2034,L5,234
1947,9,14,0,4,NOT_NAMED,22,-66.2,120,0,22 -66.2,2034,L5,240
1947,9,14,6,4,NOT_NAMED,22.5,-67.2,120,0,22.5 -67.2,2034,L5,246
1947,9,14,12,4,NOT_NAMED,23,-68.2,125,0,23 -68.2,2034,L5,252
1947,9,14,18,4,NOT_NAMED,23.6,-69.5,125,0,23.6 -69.5,2034,L5,258
1947,9,15,0,4,NOT_NAMED,24.3,-71.1,125,0,24.3 -71.1,2034,L5,264
1947,9,15,6,4,NOT_NAMED,25.1,-72.2,130,0,25.1 -72.2,2034,L5,270
1947,9,15,12,4,NOT_NAMED,25.8,-73.3,130,0,25.8 -73.3,2034,L5,276
1947,9,15,18,4,NOT_NAMED,26.2,-74.2,135,0,26.2 -74.2,2034,L5,282
1947,9,16,0,4,NOT_NAMED,26.4,-74.9,135,0,26.4 -74.9,2034,L5,288
1947,9,16,6,4,NOT_NAMED,26.5,-75.4,140,0,26.5 -75.4,2034,L5,294
1947,9,16,12,4,NOT_NAMED,26.6,-76,140,0,26.6 -76,2034,L5,300
1947,9,16,18,4,NOT_NAMED,26.7,-76.8,140,0,26.7 -76.8,2034,L5,306
1947,9,17,0,4,NOT_NAMED,26.7,-77.6,140,0,26.7 -77.6,2034,L5,312
1947,9,17,6,4,NOT_NAMED,26.6,-78.5,140,0,26.6 -78.5,2034,L5,318
1947,9,17,12,4,NOT_NAMED,26.5,-79.5,135,947,26.5 -79.5,2034,L5,324
1947,9,17,18,4,NOT_NAMED,26.3,-80.4,130,0,26.3 -80.4,2034,L5,330
1947,9,18,0,4,NOT_NAMED,26.1,-81.2,120,0,26.1 -81.2,2034,L5,336
1947,9,18,6,4,NOT_NAMED,26.1,-81.8,85,0,26.1 -81.8,2034,L5,342
1947,9,18,12,4,NOT_NAMED,26.3,-82.5,85,0,26.3 -82.5,2034,L5,348
1947,9,18,18,4,NOT_NAMED,26.9,-83.8,80,0,26.9 -83.8,2034,L5,354
1947,9,19,0,4,NOT_NAMED,27.7,-85.6,80,0,27.7 -85.6,2034,L5,360
1947,9,19,6,4,NOT_NAMED,28.9,-87.7,80,0,28.9 -87.7,2034,L5,366
1947,9,19,12,4,NOT_NAMED,30,-89.7,80,966,30 -89.7,2034,L5,372
1947,9,19,18,4,NOT_NAMED,30.4,-91,75,970,30.4 -91,2034,L5,378
1947,9,20,0,4,NOT_NAMED,30.8,-92.2,60,984,30.8 -92.2,2034,L5,384
1947,9,20,6,4,NOT_NAMED,31.6,-93.7,35,987,31.6 -93.7,2034,L5,390
1947,9,20,12,4,NOT_NAMED,32.7,-95.2,30,994,32.7 -95.2,2034,L5,396
1947,9,20,18,4,NOT_NAMED,34.1,-95.9,25,996,34.1 -95.9,2034,L5,402
1947,9,21,0,4,NOT_NAMED,35.4,-94.6,25,997,35.4 -94.6,2034,L5,408
1947,9,21,6,4,NOT_NAMED,36.4,-93.3,20,999,36.4 -93.3,2034,L5,414
1947,9,21,12,4,NOT_NAMED,37.4,-92,20,1000,37.4 -92,2034,L5,420
1947,9,7,18,5,NOT_NAMED,27.9,-85,40,0,27.9 -85,2035,TS,6
1947,9,8,0,5,NOT_NAMED,29,-86.6,40,0,29 -86.6,2035,TS,12
1947,9,8,6,5,NOT_NAMED,29.5,-87.3,40,0,29.5 -87.3,2035,TS,18
1947,9,8,12,5,NOT_NAMED,30,-88,35,0,30 -88,2035,TS,24
1947,9,8,18,5,NOT_NAMED,30.7,-89,30,0,30.7 -89,2035,TS,30
1947,9,20,6,6,NOT_NAMED,18.6,-78.1,35,0,18.6 -78.1,2036,TS,6
1947,9,20,12,6,NOT_NAMED,18.9,-78.7,35,0,18.9 -78.7,2036,TS,12
1947,9,20,18,6,NOT_NAMED,19.2,-79.4,35,0,19.2 -79.4,2036,TS,18
1947,9,21,0,6,NOT_NAMED,19.6,-80,35,0,19.6 -80,2036,TS,24
1947,9,21,6,6,NOT_NAMED,20,-80.6,40,0,20 -80.6,2036,TS,30
1947,9,21,12,6,NOT_NAMED,20.5,-81.2,40,0,20.5 -81.2,2036,TS,36
1947,9,21,18,6,NOT_NAMED,21.3,-82,40,0,21.3 -82,2036,TS,42
1947,9,22,0,6,NOT_NAMED,22.2,-82.8,40,0,22.2 -82.8,2036,TS,48
1947,9,22,6,6,NOT_NAMED,23,-83.4,40,0,23 -83.4,2036,TS,54
1947,9,22,12,6,NOT_NAMED,23.8,-83.4,45,0,23.8 -83.4,2036,TS,60
1947,9,22,18,6,NOT_NAMED,24.7,-83.7,45,0,24.7 -83.7,2036,TS,66
1947,9,23,0,6,NOT_NAMED,25.7,-83.6,45,0,25.7 -83.6,2036,TS,72
1947,9,23,6,6,NOT_NAMED,26.7,-83.4,50,0,26.7 -83.4,2036,TS,78
1947,9,23,12,6,NOT_NAMED,27.7,-83.2,50,0,27.7 -83.2,2036,TS,84
1947,9,23,18,6,NOT_NAMED,28.5,-83,50,0,28.5 -83,2036,TS,90
1947,9,24,0,6,NOT_NAMED,29.4,-82.7,50,989,29.4 -82.7,2036,TS,96
1947,9,24,6,6,NOT_NAMED,31.2,-82.1,45,0,31.2 -82.1,2036,TS,102
1947,9,24,12,6,NOT_NAMED,33,-81.2,35,0,33 -81.2,2036,TS,108
1947,9,24,18,6,NOT_NAMED,34.1,-80.2,30,0,34.1 -80.2,2036,TS,114
1947,9,25,0,6,NOT_NAMED,35.1,-78.8,25,0,35.1 -78.8,2036,TS,120
1947,9,25,6,6,NOT_NAMED,36,-76.9,20,0,36 -76.9,2036,TS,126
1947,9,25,12,6,NOT_NAMED,37,-75,15,0,37 -75,2036,TS,132
1947,9,25,18,6,NOT_NAMED,37.7,-73.5,15,0,37.7 -73.5,2036,TS,138
1947,10,6,6,7,NOT_NAMED,22,-77,45,0,22 -77,2037,TS,6
1947,10,6,12,7,NOT_NAMED,26,-77.8,45,0,26 -77.8,2037,TS,12
1947,10,6,18,7,NOT_NAMED,28.8,-78.9,45,0,28.8 -78.9,2037,TS,18
1947,10,7,0,7,NOT_NAMED,30.4,-80.3,40,0,30.4 -80.3,2037,TS,24
1947,10,7,6,7,NOT_NAMED,30.9,-82.7,35,0,30.9 -82.7,2037,TS,30
1947,10,7,12,7,NOT_NAMED,30.8,-83.3,30,0,30.8 -83.3,2037,TS,36
1947,10,7,18,7,NOT_NAMED,30.1,-84.8,30,0,30.1 -84.8,2037,TS,42
1947,10,8,0,7,NOT_NAMED,29.3,-83.8,25,0,29.3 -83.8,2037,TS,48
1947,10,8,6,7,NOT_NAMED,30.6,-82.8,25,0,30.6 -82.8,2037,TS,54
1947,10,8,12,7,NOT_NAMED,32.1,-82.6,20,0,32.1 -82.6,2037,TS,60
1947,10,8,18,7,NOT_NAMED,33.6,-82.3,20,0,33.6 -82.3,2037,TS,66
1947,10,9,6,8,NOT_NAMED,15.4,-82,35,0,15.4 -82,2038,L1,6
1947,10,9,12,8,NOT_NAMED,16,-82.2,35,0,16 -82.2,2038,L1,12
1947,10,9,18,8,NOT_NAMED,16.5,-82.5,35,0,16.5 -82.5,2038,L1,18
1947,10,10,0,8,NOT_NAMED,17,-82.7,40,0,17 -82.7,2038,L1,24
1947,10,10,6,8,NOT_NAMED,17.5,-82.9,40,0,17.5 -82.9,2038,L1,30
1947,10,10,12,8,NOT_NAMED,18,-83,45,0,18 -83,2038,L1,36
1947,10,10,18,8,NOT_NAMED,19.7,-83.5,50,0,19.7 -83.5,2038,L1,42
1947,10,11,0,8,NOT_NAMED,20.7,-83.7,55,0,20.7 -83.7,2038,L1,48
1947,10,11,6,8,NOT_NAMED,22.3,-83.7,55,0,22.3 -83.7,2038,L1,54
1947,10,11,12,8,NOT_NAMED,23,-83.2,60,0,23 -83.2,2038,L1,60
1947,10,11,18,8,NOT_NAMED,24.1,-82.3,65,0,24.1 -82.3,2038,L1,66
1947,10,12,0,8,NOT_NAMED,25.1,-81.4,70,0,25.1 -81.4,2038,L1,72
1947,10,12,6,8,NOT_NAMED,25.8,-80.6,75,0,25.8 -80.6,2038,L1,78
1947,10,12,12,8,NOT_NAMED,26.6,-79.8,75,991,26.6 -79.8,2038,L1,84
1947,10,12,18,8,NOT_NAMED,27.3,-78.7,75,0,27.3 -78.7,2038,L1,90
1947,10,13,0,8,NOT_NAMED,28.1,-77.5,70,0,28.1 -77.5,2038,L1,96
1947,10,13,6,8,NOT_NAMED,29.3,-75.8,70,0,29.3 -75.8,2038,L1,102
1947,10,13,12,8,NOT_NAMED,30.5,-74.6,70,0,30.5 -74.6,2038,L1,108
1947,10,13,18,8,NOT_NAMED,31.4,-74.6,70,0,31.4 -74.6,2038,L1,114
1947,10,14,0,8,NOT_NAMED,31.9,-75.7,65,0,31.9 -75.7,2038,L1,120
1947,10,14,6,8,NOT_NAMED,31.8,-76.4,65,0,31.8 -76.4,2038,L1,126
1947,10,14,12,8,NOT_NAMED,31.8,-77.1,65,0,31.8 -77.1,2038,L1,132
1947,10,14,18,8,NOT_NAMED,31.8,-77.6,65,0,31.8 -77.6,2038,L1,138
1947,10,15,0,8,NOT_NAMED,31.9,-78.2,70,0,31.9 -78.2,2038,L1,144
1947,10,15,6,8,NOT_NAMED,32,-79.5,75,0,32 -79.5,2038,L1,150
1947,10,15,12,8,NOT_NAMED,31.9,-81,75,973,31.9 -81,2038,L1,156
1947,10,15,18,8,NOT_NAMED,31.8,-82.3,65,0,31.8 -82.3,2038,L1,162
1947,10,16,0,8,NOT_NAMED,31.7,-83.4,50,0,31.7 -83.4,2038,L1,168
1947,10,16,6,8,NOT_NAMED,31.8,-84.2,40,0,31.8 -84.2,2038,L1,174
1947,10,16,12,8,NOT_NAMED,32.2,-85,35,0,32.2 -85,2038,L1,180
1947,10,16,18,8,NOT_NAMED,32.5,-85.8,25,0,32.5 -85.8,2038,L1,186
1947,10,16,18,9,NOT_NAMED,17.4,-62.4,35,0,17.4 -62.4,2039,L3,6
1947,10,17,0,9,NOT_NAMED,18.4,-63.9,50,0,18.4 -63.9,2039,L3,12
1947,10,17,6,9,NOT_NAMED,19,-65.3,60,0,19 -65.3,2039,L3,18
1947,10,17,12,9,NOT_NAMED,19.7,-66.6,65,0,19.7 -66.6,2039,L3,24
1947,10,17,18,9,NOT_NAMED,20.4,-67.8,70,0,20.4 -67.8,2039,L3,30
1947,10,18,0,9,NOT_NAMED,21,-68.7,75,0,21 -68.7,2039,L3,36
1947,10,18,6,9,NOT_NAMED,21.8,-69.6,75,0,21.8 -69.6,2039,L3,42
1947,10,18,12,9,NOT_NAMED,22.8,-70.2,80,0,22.8 -70.2,2039,L3,48
1947,10,18,18,9,NOT_NAMED,23.7,-70.5,85,0,23.7 -70.5,2039,L3,54
1947,10,19,0,9,NOT_NAMED,24.7,-70.5,85,0,24.7 -70.5,2039,L3,60
1947,10,19,6,9,NOT_NAMED,26.1,-70.2,90,0,26.1 -70.2,2039,L3,66
1947,10,19,12,9,NOT_NAMED,27.7,-69.7,95,0,27.7 -69.7,2039,L3,72
1947,10,19,18,9,NOT_NAMED,28.9,-69,95,0,28.9 -69,2039,L3,78
1947,10,20,0,9,NOT_NAMED,30.1,-68.1,100,0,30.1 -68.1,2039,L3,84
1947,10,20,6,9,NOT_NAMED,31.4,-66.9,105,0,31.4 -66.9,2039,L3,90
1947,10,20,12,9,NOT_NAMED,32.7,-65.7,105,0,32.7 -65.7,2039,L3,96
1947,10,20,18,9,NOT_NAMED,33.7,-64.5,105,0,33.7 -64.5,2039,L3,102
1947,10,21,0,9,NOT_NAMED,34.8,-63.2,95,0,34.8 -63.2,2039,L3,108
1947,10,21,6,9,NOT_NAMED,36.1,-61.4,85,0,36.1 -61.4,2039,L3,114
1947,10,21,12,9,NOT_NAMED,37.5,-59,65,0,37.5 -59,2039,L3,120
1947,10,21,18,9,NOT_NAMED,38.8,-56.6,60,0,38.8 -56.6,2039,L3,126
1947,10,22,0,9,NOT_NAMED,40,-54.1,55,0,40 -54.1,2039,L3,132
1947,10,22,6,9,NOT_NAMED,41.5,-50,50,0,41.5 -50,2039,L3,138
1948,5,22,6,1,NOT_NAMED,16,-75,35,0,16 -75,2040,TS,6
1948,5,22,12,1,NOT_NAMED,18.2,-73.1,35,0,18.2 -73.1,2040,TS,12
1948,5,22,18,1,NOT_NAMED,19.4,-72.2,35,0,19.4 -72.2,2040,TS,18
1948,5,23,0,1,NOT_NAMED,20.5,-71.5,35,0,20.5 -71.5,2040,TS,24
1948,5,23,6,1,NOT_NAMED,21.4,-70.9,35,0,21.4 -70.9,2040,TS,30
1948,5,23,12,1,NOT_NAMED,22.4,-70.3,35,0,22.4 -70.3,2040,TS,36
1948,5,23,18,1,NOT_NAMED,23.5,-69.7,35,0,23.5 -69.7,2040,TS,42
1948,5,24,0,1,NOT_NAMED,24.6,-69.2,35,0,24.6 -69.2,2040,TS,48
1948,5,24,6,1,NOT_NAMED,25.9,-68.7,40,0,25.9 -68.7,2040,TS,54
1948,5,24,12,1,NOT_NAMED,26.9,-68.4,40,0,26.9 -68.4,2040,TS,60
1948,5,24,18,1,NOT_NAMED,27.6,-68.2,40,0,27.6 -68.2,2040,TS,66
1948,5,25,0,1,NOT_NAMED,28.3,-68.1,45,0,28.3 -68.1,2040,TS,72
1948,5,25,6,1,NOT_NAMED,29,-68,45,0,29 -68,2040,TS,78
1948,5,25,12,1,NOT_NAMED,29.7,-68,45,0,29.7 -68,2040,TS,84
1948,5,25,18,1,NOT_NAMED,30.1,-68,45,0,30.1 -68,2040,TS,90
1948,5,26,0,1,NOT_NAMED,30.3,-68,45,0,30.3 -68,2040,TS,96
1948,5,26,6,1,NOT_NAMED,30.7,-68,45,0,30.7 -68,2040,TS,102
1948,5,26,12,1,NOT_NAMED,31,-68,45,0,31 -68,2040,TS,108
1948,5,26,18,1,NOT_NAMED,31.3,-68,40,0,31.3 -68,2040,TS,114
1948,5,27,0,1,NOT_NAMED,31.5,-68,40,0,31.5 -68,2040,TS,120
1948,5,27,6,1,NOT_NAMED,31.8,-68,40,0,31.8 -68,2040,TS,126
1948,5,27,12,1,NOT_NAMED,32,-68,40,0,32 -68,2040,TS,132
1948,5,27,18,1,NOT_NAMED,32.8,-68,40,0,32.8 -68,2040,TS,138
1948,5,28,0,1,NOT_NAMED,33.7,-68,35,0,33.7 -68,2040,TS,144
1948,5,28,6,1,NOT_NAMED,34.3,-68,30,0,34.3 -68,2040,TS,150
1948,5,28,12,1,NOT_NAMED,35,-68,30,0,35 -68,2040,TS,156
1948,5,28,18,1,NOT_NAMED,37.9,-68,25,0,37.9 -68,2040,TS,162
1948,7,7,18,2,NOT_NAMED,26.3,-90.6,35,0,26.3 -90.6,2041,TS,6
1948,7,8,0,2,NOT_NAMED,27.2,-90,35,0,27.2 -90,2041,TS,12
1948,7,8,6,2,NOT_NAMED,27.6,-89.6,35,0,27.6 -89.6,2041,TS,18
1948,7,8,12,2,NOT_NAMED,28,-89.2,35,0,28 -89.2,2041,TS,24
1948,7,8,18,2,NOT_NAMED,28.7,-88.1,35,0,28.7 -88.1,2041,TS,30
1948,7,9,0,2,NOT_NAMED,29.6,-86.9,35,0,29.6 -86.9,2041,TS,36
1948,7,9,6,2,NOT_NAMED,30.2,-86.2,35,0,30.2 -86.2,2041,TS,42
1948,7,9,12,2,NOT_NAMED,30.8,-85.9,35,0,30.8 -85.9,2041,TS,48
1948,7,9,18,2,NOT_NAMED,31.3,-85.8,30,0,31.3 -85.8,2041,TS,54
1948,7,10,0,2,NOT_NAMED,31.7,-85.8,30,0,31.7 -85.8,2041,TS,60
1948,7,10,6,2,NOT_NAMED,32.2,-85.8,30,0,32.2 -85.8,2041,TS,66
1948,7,10,12,2,NOT_NAMED,32.7,-85.9,25,0,32.7 -85.9,2041,TS,72
1948,7,10,18,2,NOT_NAMED,33.3,-86,25,0,33.3 -86,2041,TS,78
1948,7,11,0,2,NOT_NAMED,34,-86.1,20,0,34 -86.1,2041,TS,84
1948,7,11,6,2,NOT_NAMED,34.6,-86.3,20,0,34.6 -86.3,2041,TS,90
1948,7,11,12,2,NOT_NAMED,35.2,-86.6,15,0,35.2 -86.6,2041,TS,96
1948,7,11,18,2,NOT_NAMED,35.5,-86.8,15,0,35.5 -86.8,2041,TS,102
1948,8,26,6,3,NOT_NAMED,19.5,-58.9,50,0,19.5 -58.9,2042,L3,6
1948,8,26,12,3,NOT_NAMED,20.9,-61,65,0,20.9 -61,2042,L3,12
1948,8,26,18,3,NOT_NAMED,21.8,-62.6,70,0,21.8 -62.6,2042,L3,18
1948,8,27,0,3,NOT_NAMED,22.8,-64.1,75,0,22.8 -64.1,2042,L3,24
1948,8,27,6,3,NOT_NAMED,23.8,-65.5,80,0,23.8 -65.5,2042,L3,30
1948,8,27,12,3,NOT_NAMED,24.8,-66.7,85,0,24.8 -66.7,2042,L3,36
1948,8,27,18,3,NOT_NAMED,25.6,-67.6,90,0,25.6 -67.6,2042,L3,42
1948,8,28,0,3,NOT_NAMED,26.1,-68.4,95,0,26.1 -68.4,2042,L3,48
1948,8,28,6,3,NOT_NAMED,26.5,-69,95,0,26.5 -69,2042,L3,54
1948,8,28,12,3,NOT_NAMED,27,-69.7,100,0,27 -69.7,2042,L3,60
1948,8,28,18,3,NOT_NAMED,27.6,-70.4,105,0,27.6 -70.4,2042,L3,66
1948,8,29,0,3,NOT_NAMED,28.2,-71.2,105,0,28.2 -71.2,2042,L3,72
1948,8,29,6,3,NOT_NAMED,28.6,-71.9,105,0,28.6 -71.9,2042,L3,78
1948,8,29,12,3,NOT_NAMED,29.1,-72.5,100,0,29.1 -72.5,2042,L3,84
1948,8,29,18,3,NOT_NAMED,29.7,-73.4,100,0,29.7 -73.4,2042,L3,90
1948,8,30,0,3,NOT_NAMED,30.3,-74.3,95,0,30.3 -74.3,2042,L3,96
1948,8,30,6,3,NOT_NAMED,30.8,-75,95,0,30.8 -75,2042,L3,102
1948,8,30,12,3,NOT_NAMED,31.3,-75.4,90,0,31.3 -75.4,2042,L3,108
1948,8,30,18,3,NOT_NAMED,32,-75.4,85,0,32 -75.4,2042,L3,114
1948,8,31,0,3,NOT_NAMED,32.8,-75.1,80,0,32.8 -75.1,2042,L3,120
1948,8,31,6,3,NOT_NAMED,33.4,-74.6,75,0,33.4 -74.6,2042,L3,126
1948,8,31,12,3,NOT_NAMED,34.1,-73.6,70,0,34.1 -73.6,2042,L3,132
1948,8,31,18,3,NOT_NAMED,35.3,-71.6,70,0,35.3 -71.6,2042,L3,138
1948,9,1,0,3,NOT_NAMED,37,-68.7,65,0,37 -68.7,2042,L3,144
1948,9,1,6,3,NOT_NAMED,39,-65.1,60,0,39 -65.1,2042,L3,150
1948,9,1,12,3,NOT_NAMED,41,-61.8,60,0,41 -61.8,2042,L3,156
1948,9,1,18,3,NOT_NAMED,42.9,-59.4,55,0,42.9 -59.4,2042,L3,162
1948,9,2,0,3,NOT_NAMED,44.8,-57.8,50,0,44.8 -57.8,2042,L3,168
1948,9,2,6,3,NOT_NAMED,48.5,-55.3,45,0,48.5 -55.3,2042,L3,174
1948,9,2,12,3,NOT_NAMED,51.7,-52.8,45,0,51.7 -52.8,2042,L3,180
1948,9,2,18,3,NOT_NAMED,52.8,-51.4,40,0,52.8 -51.4,2042,L3,186
1948,9,3,0,3,NOT_NAMED,53.8,-50,40,0,53.8 -50,2042,L3,192
1948,9,3,6,3,NOT_NAMED,54.9,-47.5,40,0,54.9 -47.5,2042,L3,198
1948,9,3,12,3,NOT_NAMED,56,-45,35,0,56 -45,2042,L3,204
1948,9,3,18,3,NOT_NAMED,57,-43,35,0,57 -43,2042,L3,210
1948,9,4,0,3,NOT_NAMED,58,-41,35,0,58 -41,2042,L3,216
1948,9,4,6,3,NOT_NAMED,58.9,-39.1,35,0,58.9 -39.1,2042,L3,222
1948,9,4,12,3,NOT_NAMED,59.8,-37.2,35,0,59.8 -37.2,2042,L3,228
1948,9,4,18,3,NOT_NAMED,61.2,-34.8,35,0,61.2 -34.8,2042,L3,234
1948,8,31,0,4,NOT_NAMED,13.5,-53,50,1009,13.5 -53,2043,TS,6
1948,8,31,6,4,NOT_NAMED,13.7,-55.5,50,0,13.7 -55.5,2043,TS,12
1948,8,31,12,4,NOT_NAMED,13.8,-57,45,0,13.8 -57,2043,TS,18
1948,8,31,18,4,NOT_NAMED,13.9,-58.1,40,0,13.9 -58.1,2043,TS,24
1948,9,1,0,4,NOT_NAMED,14,-59.3,40,0,14 -59.3,2043,TS,30
1948,9,1,6,4,NOT_NAMED,14.1,-61.2,35,0,14.1 -61.2,2043,TS,36
1948,9,1,12,4,NOT_NAMED,14.2,-63,30,1007,14.2 -63,2043,TS,42
1948,9,1,18,4,NOT_NAMED,14.3,-65.5,25,0,14.3 -65.5,2043,TS,48
1948,9,1,18,5,NOT_NAMED,23.8,-94.7,35,0,23.8 -94.7,2044,L1,6
1948,9,2,0,5,NOT_NAMED,24.4,-94.4,40,0,24.4 -94.4,2044,L1,12
1948,9,2,6,5,NOT_NAMED,24.7,-93.9,45,0,24.7 -93.9,2044,L1,18
1948,9,2,12,5,NOT_NAMED,25,-93.5,50,0,25 -93.5,2044,L1,24
1948,9,2,18,5,NOT_NAMED,25.2,-93.2,55,0,25.2 -93.2,2044,L1,30
1948,9,3,0,5,NOT_NAMED,25.3,-93,60,0,25.3 -93,2044,L1,36
1948,9,3,6,5,NOT_NAMED,25.5,-92.8,60,0,25.5 -92.8,2044,L1,42
1948,9,3,12,5,NOT_NAMED,25.8,-92.6,65,0,25.8 -92.6,2044,L1,48
1948,9,3,18,5,NOT_NAMED,26.6,-91.9,70,0,26.6 -91.9,2044,L1,54
1948,9,4,0,5,NOT_NAMED,27.7,-91.1,70,990,27.7 -91.1,2044,L1,60
1948,9,4,6,5,NOT_NAMED,28.8,-90.5,65,989,28.8 -90.5,2044,L1,66
1948,9,4,12,5,NOT_NAMED,29.9,-90,55,0,29.9 -90,2044,L1,72
1948,9,4,18,5,NOT_NAMED,31.1,-89.6,50,0,31.1 -89.6,2044,L1,78
1948,9,5,0,5,NOT_NAMED,32.3,-89.3,45,0,32.3 -89.3,2044,L1,84
1948,9,5,6,5,NOT_NAMED,33.4,-89.1,40,0,33.4 -89.1,2044,L1,90
1948,9,5,12,5,NOT_NAMED,34.5,-89,35,0,34.5 -89,2044,L1,96
1948,9,5,18,5,NOT_NAMED,35.4,-89,30,0,35.4 -89,2044,L1,102
1948,9,6,0,5,NOT_NAMED,36.3,-88.9,30,0,36.3 -88.9,2044,L1,108
1948,9,6,6,5,NOT_NAMED,37.3,-88.7,25,0,37.3 -88.7,2044,L1,114
1948,9,6,12,5,NOT_NAMED,39,-88.3,25,0,39 -88.3,2044,L1,120
1948,9,6,18,5,NOT_NAMED,40.2,-87.5,20,0,40.2 -87.5,2044,L1,126
1948,9,7,0,5,NOT_NAMED,41.3,-86.4,20,0,41.3 -86.4,2044,L1,132
1948,9,4,6,6,NOT_NAMED,14.3,-19.7,50,0,14.3 -19.7,2045,L4,6
1948,9,4,12,6,NOT_NAMED,14.2,-20.8,55,0,14.2 -20.8,2045,L4,12
1948,9,4,18,6,NOT_NAMED,14.2,-21.8,60,0,14.2 -21.8,2045,L4,18
1948,9,5,0,6,NOT_NAMED,14.3,-23,65,0,14.3 -23,2045,L4,24
1948,9,5,6,6,NOT_NAMED,14.4,-24.3,65,0,14.4 -24.3,2045,L4,30
1948,9,5,12,6,NOT_NAMED,14.5,-25.5,70,0,14.5 -25.5,2045,L4,36
1948,9,5,18,6,NOT_NAMED,14.6,-26.8,70,0,14.6 -26.8,2045,L4,42
1948,9,6,0,6,NOT_NAMED,14.7,-28,70,0,14.7 -28,2045,L4,48
1948,9,6,6,6,NOT_NAMED,14.9,-29.1,75,0,14.9 -29.1,2045,L4,54
1948,9,6,12,6,NOT_NAMED,15,-30,75,0,15 -30,2045,L4,60
1948,9,6,18,6,NOT_NAMED,15.1,-30.9,75,0,15.1 -30.9,2045,L4,66
1948,9,7,0,6,NOT_NAMED,15.1,-31.8,75,0,15.1 -31.8,2045,L4,72
1948,9,7,6,6,NOT_NAMED,15.2,-32.9,80,0,15.2 -32.9,2045,L4,78
1948,9,7,12,6,NOT_NAMED,15.3,-34.1,80,0,15.3 -34.1,2045,L4,84
1948,9,7,18,6,NOT_NAMED,15.4,-35.4,80,0,15.4 -35.4,2045,L4,90
1948,9,8,0,6,NOT_NAMED,15.6,-36.8,80,0,15.6 -36.8,2045,L4,96
1948,9,8,6,6,NOT_NAMED,15.8,-38.4,85,0,15.8 -38.4,2045,L4,102
1948,9,8,12,6,NOT_NAMED,16,-40,85,0,16 -40,2045,L4,108
1948,9,8,18,6,NOT_NAMED,16.3,-41.5,85,0,16.3 -41.5,2045,L4,114
1948,9,9,0,6,NOT_NAMED,16.6,-43,85,0,16.6 -43,2045,L4,120
1948,9,9,6,6,NOT_NAMED,16.9,-44.5,90,0,16.9 -44.5,2045,L4,126
1948,9,9,12,6,NOT_NAMED,17.2,-46,90,0,17.2 -46,2045,L4,132
1948,9,9,18,6,NOT_NAMED,17.6,-47.3,90,0,17.6 -47.3,2045,L4,138
1948,9,10,0,6,NOT_NAMED,18,-48.5,90,0,18 -48.5,2045,L4,144
1948,9,10,6,6,NOT_NAMED,18.3,-49.6,95,0,18.3 -49.6,2045,L4,150
1948,9,10,12,6,NOT_NAMED,18.7,-50.8,95,0,18.7 -50.8,2045,L4,156
1948,9,10,18,6,NOT_NAMED,19.4,-52.3,95,0,19.4 -52.3,2045,L4,162
1948,9,11,0,6,NOT_NAMED,20,-53.8,100,0,20 -53.8,2045,L4,168
1948,9,11,6,6,NOT_NAMED,20.6,-54.9,100,0,20.6 -54.9,2045,L4,174
1948,9,11,12,6,NOT_NAMED,21.3,-56.1,105,0,21.3 -56.1,2045,L4,180
1948,9,11,18,6,NOT_NAMED,22.2,-58.1,105,0,22.2 -58.1,2045,L4,186
1948,9,12,0,6,NOT_NAMED,23.3,-60.2,105,0,23.3 -60.2,2045,L4,192
1948,9,12,6,6,NOT_NAMED,24.2,-61.6,110,0,24.2 -61.6,2045,L4,198
1948,9,12,12,6,NOT_NAMED,25.4,-62.8,110,0,25.4 -62.8,2045,L4,204
1948,9,12,18,6,NOT_NAMED,27,-63.8,110,0,27 -63.8,2045,L4,210
1948,9,13,0,6,NOT_NAMED,28.7,-64.6,115,0,28.7 -64.6,2045,L4,216
1948,9,13,6,6,NOT_NAMED,30.1,-65.4,115,0,30.1 -65.4,2045,L4,222
1948,9,13,12,6,NOT_NAMED,31.6,-65.8,115,0,31.6 -65.8,2045,L4,228
1948,9,13,18,6,NOT_NAMED,33,-65.8,110,0,33 -65.8,2045,L4,234
1948,9,14,0,6,NOT_NAMED,34.4,-65.5,105,0,34.4 -65.5,2045,L4,240
1948,9,14,6,6,NOT_NAMED,35.7,-64.9,100,0,35.7 -64.9,2045,L4,246
1948,9,14,12,6,NOT_NAMED,37,-64,95,0,37 -64,2045,L4,252
1948,9,14,18,6,NOT_NAMED,38.5,-62.6,85,0,38.5 -62.6,2045,L4,258
1948,9,15,0,6,NOT_NAMED,40.3,-60.4,80,0,40.3 -60.4,2045,L4,264
1948,9,15,6,6,NOT_NAMED,42.3,-57.4,75,0,42.3 -57.4,2045,L4,270
1948,9,15,12,6,NOT_NAMED,44.6,-53.4,70,0,44.6 -53.4,2045,L4,276
1948,9,15,18,6,NOT_NAMED,46.9,-48.8,65,0,46.9 -48.8,2045,L4,282
1948,9,16,0,6,NOT_NAMED,49.8,-44.2,60,0,49.8 -44.2,2045,L4,288
1948,9,16,6,6,NOT_NAMED,53.3,-40,55,0,53.3 -40,2045,L4,294
1948,9,16,12,6,NOT_NAMED,56.7,-35,45,0,56.7 -35,2045,L4,300
1948,9,16,18,6,NOT_NAMED,58.3,-32.9,40,0,58.3 -32.9,2045,L4,306
1948,9,18,6,7,NOT_NAMED,18.2,-78.8,50,0,18.2 -78.8,2046,L3,6
1948,9,18,12,7,NOT_NAMED,18.2,-79.8,55,0,18.2 -79.8,2046,L3,12
1948,9,18,18,7,NOT_NAMED,18.3,-80.4,60,0,18.3 -80.4,2046,L3,18
1948,9,19,0,7,NOT_NAMED,18.5,-80.8,65,0,18.5 -80.8,2046,L3,24
1948,9,19,6,7,NOT_NAMED,18.8,-81.1,70,0,18.8 -81.1,2046,L3,30
1948,9,19,12,7,NOT_NAMED,19.1,-81.4,75,0,19.1 -81.4,2046,L3,36
1948,9,19,18,7,NOT_NAMED,19.5,-81.6,80,0,19.5 -81.6,2046,L3,42
1948,9,20,0,7,NOT_NAMED,20.1,-81.8,85,0,20.1 -81.8,2046,L3,48
1948,9,20,6,7,NOT_NAMED,20.8,-81.9,85,0,20.8 -81.9,2046,L3,54
1948,9,20,12,7,NOT_NAMED,21.5,-81.9,90,0,21.5 -81.9,2046,L3,60
1948,9,20,18,7,NOT_NAMED,22.1,-81.9,95,0,22.1 -81.9,2046,L3,66
1948,9,21,0,7,NOT_NAMED,22.8,-82,100,0,22.8 -82,2046,L3,72
1948,9,21,6,7,NOT_NAMED,23.5,-81.9,100,0,23.5 -81.9,2046,L3,78
1948,9,21,12,7,NOT_NAMED,24.3,-81.7,105,0,24.3 -81.7,2046,L3,84
1948,9,21,18,7,NOT_NAMED,25,-81.5,105,963,25 -81.5,2046,L3,90
1948,9,22,0,7,NOT_NAMED,25.6,-81.2,100,0,25.6 -81.2,2046,L3,96
1948,9,22,6,7,NOT_NAMED,26.2,-80.7,85,0,26.2 -80.7,2046,L3,102
1948,9,22,12,7,NOT_NAMED,26.8,-80.2,75,964,26.8 -80.2,2046,L3,108
1948,9,22,18,7,NOT_NAMED,27.3,-79.7,80,965,27.3 -79.7,2046,L3,114
1948,9,23,0,7,NOT_NAMED,27.7,-79,80,0,27.7 -79,2046,L3,120
1948,9,23,6,7,NOT_NAMED,28.5,-77.6,85,0,28.5 -77.6,2046,L3,126
1948,9,23,12,7,NOT_NAMED,29.8,-75.6,90,0,29.8 -75.6,2046,L3,132
1948,9,23,18,7,NOT_NAMED,31.4,-73.6,90,0,31.4 -73.6,2046,L3,138
1948,9,24,0,7,NOT_NAMED,33.2,-71.6,85,0,33.2 -71.6,2046,L3,144
1948,9,24,6,7,NOT_NAMED,35.1,-69.5,75,0,35.1 -69.5,2046,L3,150
1948,9,24,12,7,NOT_NAMED,37.1,-66.9,65,0,37.1 -66.9,2046,L3,156
1948,9,24,18,7,NOT_NAMED,39.8,-62.3,60,0,39.8 -62.3,2046,L3,162
1948,9,25,0,7,NOT_NAMED,42,-57,55,0,42 -57,2046,L3,168
1948,9,25,6,7,NOT_NAMED,43.3,-52.8,50,0,43.3 -52.8,2046,L3,174
1948,9,25,12,7,NOT_NAMED,44.6,-48.6,45,0,44.6 -48.6,2046,L3,180
1948,9,25,18,7,NOT_NAMED,46.9,-43.2,40,0,46.9 -43.2,2046,L3,186
1948,10,3,18,8,NOT_NAMED,15.3,-81.8,40,0,15.3 -81.8,2047,L4,6
1948,10,4,0,8,NOT_NAMED,16.8,-83.9,50,0,16.8 -83.9,2047,L4,12
1948,10,4,6,8,NOT_NAMED,18.1,-85,55,0,18.1 -85,2047,L4,18
1948,10,4,12,8,NOT_NAMED,19.4,-85.1,65,0,19.4 -85.1,2047,L4,24
1948,10,4,18,8,NOT_NAMED,20.4,-84.5,75,0,20.4 -84.5,2047,L4,30
1948,10,5,0,8,NOT_NAMED,21.4,-83.8,90,0,21.4 -83.8,2047,L4,36
1948,10,5,6,8,NOT_NAMED,22.2,-83.3,105,0,22.2 -83.3,2047,L4,42
1948,10,5,12,8,NOT_NAMED,23.3,-82.5,115,0,23.3 -82.5,2047,L4,48
1948,10,5,18,8,NOT_NAMED,24.4,-81.4,110,975,24.4 -81.4,2047,L4,54
1948,10,6,0,8,NOT_NAMED,25.7,-80.1,90,979,25.7 -80.1,2047,L4,60
1948,10,6,6,8,NOT_NAMED,26.7,-78.6,85,0,26.7 -78.6,2047,L4,66
1948,10,6,12,8,NOT_NAMED,27.7,-77.2,75,0,27.7 -77.2,2047,L4,72
1948,10,6,18,8,NOT_NAMED,28.7,-75.6,75,0,28.7 -75.6,2047,L4,78
1948,10,7,0,8,NOT_NAMED,29.7,-73.8,80,0,29.7 -73.8,2047,L4,84
1948,10,7,6,8,NOT_NAMED,30.6,-71.6,85,0,30.6 -71.6,2047,L4,90
1948,10,7,12,8,NOT_NAMED,31.4,-69,90,0,31.4 -69,2047,L4,96
1948,10,7,18,8,NOT_NAMED,31.9,-66,90,0,31.9 -66,2047,L4,102
1948,10,8,0,8,NOT_NAMED,32.2,-63,85,0,32.2 -63,2047,L4,108
1948,10,8,6,8,NOT_NAMED,32.5,-60.1,80,0,32.5 -60.1,2047,L4,114
1948,10,8,12,8,NOT_NAMED,32.7,-57.2,75,0,32.7 -57.2,2047,L4,120
1948,10,8,18,8,NOT_NAMED,32.5,-54.3,70,0,32.5 -54.3,2047,L4,126
1948,10,9,0,8,NOT_NAMED,32.2,-51.3,70,0,32.2 -51.3,2047,L4,132
1948,10,9,6,8,NOT_NAMED,32,-48.5,60,0,32 -48.5,2047,L4,138
1948,10,9,12,8,NOT_NAMED,31.9,-46.3,60,0,31.9 -46.3,2047,L4,144
1948,10,9,18,8,NOT_NAMED,31.9,-44.7,60,0,31.9 -44.7,2047,L4,150
1948,10,10,0,8,NOT_NAMED,31.9,-43.3,60,0,31.9 -43.3,2047,L4,156
1948,10,10,6,8,NOT_NAMED,32,-42,55,0,32 -42,2047,L4,162
1948,10,10,12,8,NOT_NAMED,32.1,-40.8,55,0,32.1 -40.8,2047,L4,168
1948,10,10,18,8,NOT_NAMED,32.1,-40,50,0,32.1 -40,2047,L4,174
1948,10,11,0,8,NOT_NAMED,32,-39.3,50,0,32 -39.3,2047,L4,180
1948,10,11,6,8,NOT_NAMED,31.8,-38.7,50,0,31.8 -38.7,2047,L4,186
1948,10,11,12,8,NOT_NAMED,31.5,-38.2,45,0,31.5 -38.2,2047,L4,192
1948,10,11,18,8,NOT_NAMED,31,-38,45,0,31 -38,2047,L4,198
1948,10,12,0,8,NOT_NAMED,30.6,-38.2,45,0,30.6 -38.2,2047,L4,204
1948,10,12,6,8,NOT_NAMED,30.3,-38.5,45,0,30.3 -38.5,2047,L4,210
1948,10,12,12,8,NOT_NAMED,30.2,-39,45,0,30.2 -39,2047,L4,216
1948,10,12,18,8,NOT_NAMED,30.2,-39.6,40,0,30.2 -39.6,2047,L4,222
1948,10,13,0,8,NOT_NAMED,30.2,-40.3,40,0,30.2 -40.3,2047,L4,228
1948,10,13,6,8,NOT_NAMED,30.2,-40.7,40,0,30.2 -40.7,2047,L4,234
1948,10,13,12,8,NOT_NAMED,30.3,-41.3,40,0,30.3 -41.3,2047,L4,240
1948,10,13,18,8,NOT_NAMED,30.5,-42.6,40,0,30.5 -42.6,2047,L4,246
1948,10,14,0,8,NOT_NAMED,30.9,-43.9,40,0,30.9 -43.9,2047,L4,252
1948,10,14,6,8,NOT_NAMED,31.6,-45.2,40,0,31.6 -45.2,2047,L4,258
1948,10,14,12,8,NOT_NAMED,32.6,-46.4,40,0,32.6 -46.4,2047,L4,264
1948,10,14,18,8,NOT_NAMED,33.7,-47.2,40,0,33.7 -47.2,2047,L4,270
1948,10,15,0,8,NOT_NAMED,34.8,-47.8,40,0,34.8 -47.8,2047,L4,276
1948,10,15,6,8,NOT_NAMED,35.7,-48,40,0,35.7 -48,2047,L4,282
1948,10,15,12,8,NOT_NAMED,36.7,-48,40,0,36.7 -48,2047,L4,288
1948,10,15,18,8,NOT_NAMED,38.5,-47.9,35,0,38.5 -47.9,2047,L4,294
1948,10,16,0,8,NOT_NAMED,41.5,-46.6,35,0,41.5 -46.6,2047,L4,300
1948,11,8,18,9,NOT_NAMED,24.6,-63.3,60,0,24.6 -63.3,2048,L1,6
1948,11,9,0,9,NOT_NAMED,25.4,-66.8,60,0,25.4 -66.8,2048,L1,12
1948,11,9,6,9,NOT_NAMED,25.9,-68.8,65,0,25.9 -68.8,2048,L1,18
1948,11,9,12,9,NOT_NAMED,26.3,-70.8,70,0,26.3 -70.8,2048,L1,24
1948,11,9,18,9,NOT_NAMED,27.3,-72.4,70,0,27.3 -72.4,2048,L1,30
1948,11,10,0,9,NOT_NAMED,28.8,-73.6,70,0,28.8 -73.6,2048,L1,36
1948,11,10,6,9,NOT_NAMED,30.1,-74.4,65,0,30.1 -74.4,2048,L1,42
1948,11,10,12,9,NOT_NAMED,31.4,-74.7,60,0,31.4 -74.7,2048,L1,48
1948,11,10,18,9,NOT_NAMED,33.1,-74.5,60,0,33.1 -74.5,2048,L1,54
1948,11,11,0,9,NOT_NAMED,35.2,-73.9,55,0,35.2 -73.9,2048,L1,60
1948,11,11,6,9,NOT_NAMED,36.8,-72.5,50,0,36.8 -72.5,2048,L1,66
