class,tid,LatLon,date_time,WindSpeed,Pressure,Name
L1,2000,19.6 -68.6,1944-07-13 06:00:00,30,0,NOT_NAMED
L1,2000,20.7 -69.5,1944-07-13 12:00:00,30,0,NOT_NAMED
L1,2000,21.5 -70.4,1944-07-13 18:00:00,30,0,NOT_NAMED
L1,2000,22.3 -71.2,1944-07-14 00:00:00,35,0,NOT_NAMED
L1,2000,23.1 -72,1944-07-14 06:00:00,35,0,NOT_NAMED
L1,2000,24 -72.8,1944-07-14 12:00:00,35,0,NOT_NAMED
L1,2000,25.1 -73.5,1944-07-14 18:00:00,40,0,NOT_NAMED
L1,2000,26.2 -74.1,1944-07-15 00:00:00,45,0,NOT_NAMED
L1,2000,27.4 -74.6,1944-07-15 06:00:00,50,0,NOT_NAMED
L1,2000,28.5 -75,1944-07-15 12:00:00,55,0,NOT_NAMED
L1,2000,29.4 -75.3,1944-07-15 18:00:00,55,0,NOT_NAMED
L1,2000,30.2 -75.5,1944-07-16 00:00:00,60,0,NOT_NAMED
L1,2000,30.9 -75.6,1944-07-16 06:00:00,65,0,NOT_NAMED
L1,2000,31.4 -75.5,1944-07-16 12:00:00,65,0,NOT_NAMED
L1,2000,31.8 -75.2,1944-07-16 18:00:00,65,0,NOT_NAMED
L1,2000,32.2 -74.8,1944-07-17 00:00:00,70,0,NOT_NAMED
L1,2000,32.5 -74.3,1944-07-17 06:00:00,70,0,NOT_NAMED
L1,2000,32.8 -73.5,1944-07-17 12:00:00,70,0,NOT_NAMED
L1,2000,33.1 -72.6,1944-07-17 18:00:00,70,0,NOT_NAMED
L1,2000,33.3 -71.6,1944-07-18 00:00:00,65,0,NOT_NAMED
L1,2000,33.6 -70.6,1944-07-18 06:00:00,65,0,NOT_NAMED
L1,2000,34 -69.5,1944-07-18 12:00:00,65,0,NOT_NAMED
L1,2000,35 -68,1944-07-18 18:00:00,60,0,NOT_NAMED
L1,2000,36.5 -65.5,1944-07-19 00:00:00,60,0,NOT_NAMED
L1,2000,38.2 -62.2,1944-07-19 06:00:00,60,0,NOT_NAMED
L1,2000,40.2 -58.2,1944-07-19 12:00:00,60,0,NOT_NAMED
L1,2000,42.2 -54,1944-07-19 18:00:00,50,0,NOT_NAMED
L1,2000,44.2 -49.8,1944-07-20 00:00:00,45,0,NOT_NAMED
TS,2001,13.4 -56.6,1944-07-24 06:00:00,35,0,NOT_NAMED
TS,2001,13.7 -58.4,1944-07-24 12:00:00,40,0,NOT_NAMED
TS,2001,14 -60.4,1944-07-24 18:00:00,45,0,NOT_NAMED
TS,2001,14.3 -62.2,1944-07-25 00:00:00,50,0,NOT_NAMED
TS,2001,14.7 -63.9,1944-07-25 06:00:00,55,0,NOT_NAMED
TS,2001,15.1 -65.6,1944-07-25 12:00:00,55,0,NOT_NAMED
TS,2001,15.6 -67.3,1944-07-25 18:00:00,55,0,NOT_NAMED
TS,2001,16.1 -69,1944-07-26 00:00:00,55,0,NOT_NAMED
TS,2001,16.4 -70.7,1944-07-26 06:00:00,55,0,NOT_NAMED
TS,2001,16.6 -72.5,1944-07-26 12:00:00,55,0,NOT_NAMED
TS,2001,16.6 -74.4,1944-07-26 18:00:00,50,0,NOT_NAMED
TS,2001,16.6 -76.4,1944-07-27 00:00:00,45,0,NOT_NAMED
TS,2001,16.8 -78.3,1944-07-27 06:00:00,35,0,NOT_NAMED
TS,2001,17 -80,1944-07-27 12:00:00,30,0,NOT_NAMED
TS,2001,17.2 -81.6,1944-07-27 18:00:00,25,0,NOT_NAMED
L1,2002,21.5 -69,1944-07-30 12:00:00,35,0,NOT_NAMED
L1,2002,22.5 -70.5,1944-07-30 18:00:00,40,0,NOT_NAMED
L1,2002,23.4 -72.2,1944-07-31 00:00:00,45,0,NOT_NAMED
L1,2002,24.3 -73.8,1944-07-31 06:00:00,50,0,NOT_NAMED
L1,2002,26.2 -75.2,1944-07-31 12:00:00,55,0,NOT_NAMED
L1,2002,27.2 -76.1,1944-07-31 18:00:00,60,0,NOT_NAMED
L1,2002,28.2 -76.7,1944-08-01 00:00:00,65,0,NOT_NAMED
L1,2002,29.3 -77.2,1944-08-01 06:00:00,65,0,NOT_NAMED
L1,2002,30.5 -77.7,1944-08-01 12:00:00,70,0,NOT_NAMED
L1,2002,32 -78,1944-08-01 18:00:00,70,0,NOT_NAMED
L1,2002,33.9 -78.1,1944-08-01 23:00:00,70,985,NOT_NAMED
L1,2002,34.1 -78.2,1944-08-02 00:00:00,60,985,NOT_NAMED
L1,2002,35.7 -78.2,1944-08-02 06:00:00,45,0,NOT_NAMED
L1,2002,36.9 -78,1944-08-02 12:00:00,35,0,NOT_NAMED
L1,2002,37.8 -77.4,1944-08-02 18:00:00,35,0,NOT_NAMED
L1,2002,38.5 -76.2,1944-08-03 00:00:00,35,0,NOT_NAMED
L1,2002,39.2 -74.5,1944-08-03 06:00:00,35,0,NOT_NAMED
L1,2002,39.8 -72.8,1944-08-03 12:00:00,35,0,NOT_NAMED
L1,2002,40.3 -71,1944-08-03 18:00:00,35,0,NOT_NAMED
L1,2002,40.8 -69.4,1944-08-04 00:00:00,30,0,NOT_NAMED
L1,2002,41.3 -67.9,1944-08-04 06:00:00,30,0,NOT_NAMED
L3,2003,12.1 -59.5,1944-08-16 18:00:00,50,0,NOT_NAMED
L3,2003,12.1 -60.5,1944-08-17 00:00:00,60,0,NOT_NAMED
L3,2003,12.3 -61.5,1944-08-17 06:00:00,65,0,NOT_NAMED
L3,2003,12.7 -62.5,1944-08-17 12:00:00,70,0,NOT_NAMED
L3,2003,13.3 -63.5,1944-08-17 18:00:00,75,0,NOT_NAMED
L3,2003,14 -64.5,1944-08-18 00:00:00,80,0,NOT_NAMED
L3,2003,14.7 -65.5,1944-08-18 06:00:00,85,0,NOT_NAMED
L3,2003,15.2 -66.6,1944-08-18 12:00:00,90,973,NOT_NAMED
L3,2003,15.5 -67.8,1944-08-18 18:00:00,90,0,NOT_NAMED
L3,2003,15.7 -69,1944-08-19 00:00:00,90,0,NOT_NAMED
L3,2003,15.8 -70.1,1944-08-19 06:00:00,95,0,NOT_NAMED
L3,2003,15.9 -71.2,1944-08-19 12:00:00,100,0,NOT_NAMED
L3,2003,16.2 -72.2,1944-08-19 18:00:00,105,0,NOT_NAMED
L3,2003,16.7 -73.2,1944-08-20 00:00:00,105,0,NOT_NAMED
L3,2003,17.4 -74.2,1944-08-20 06:00:00,105,0,NOT_NAMED
L3,2003,17.9 -75.3,1944-08-20 12:00:00,105,0,NOT_NAMED
L3,2003,18.3 -76.6,1944-08-20 18:00:00,90,0,NOT_NAMED
L3,2003,18.6 -78.2,1944-08-21 00:00:00,75,0,NOT_NAMED
L3,2003,18.8 -79.7,1944-08-21 06:00:00,75,0,NOT_NAMED
L3,2003,19 -81.1,1944-08-21 12:00:00,75,0,NOT_NAMED
L3,2003,19.2 -82.7,1944-08-21 18:00:00,75,0,NOT_NAMED
L3,2003,19.4 -84.3,1944-08-22 00:00:00,80,0,NOT_NAMED
L3,2003,19.7 -86,1944-08-22 06:00:00,80,0,NOT_NAMED
L3,2003,20 -87.7,1944-08-22 12:00:00,80,0,NOT_NAMED
L3,2003,20.2 -89.3,1944-08-22 18:00:00,65,0,NOT_NAMED
L3,2003,20.4 -90.7,1944-08-23 00:00:00,55,0,NOT_NAMED
L3,2003,20.6 -92,1944-08-23 06:00:00,50,0,NOT_NAMED
L3,2003,20.7 -93.3,1944-08-23 12:00:00,45,0,NOT_NAMED
L3,2003,20.8 -94.6,1944-08-23 18:00:00,45,0,NOT_NAMED
L3,2003,20.7 -95.8,1944-08-24 00:00:00,40,0,NOT_NAMED
L3,2003,20.6 -97,1944-08-24 06:00:00,35,0,NOT_NAMED
L3,2003,20.5 -98.2,1944-08-24 12:00:00,25,0,NOT_NAMED
TS,2004,20.5 -85,1944-08-18 12:00:00,25,0,NOT_NAMED
TS,2004,20.9 -85.6,1944-08-18 18:00:00,25,0,NOT_NAMED
TS,2004,21.3 -86.2,1944-08-19 00:00:00,30,0,NOT_NAMED
TS,2004,21.7 -86.8,1944-08-19 06:00:00,30,0,NOT_NAMED
TS,2004,22 -87.5,1944-08-19 12:00:00,30,0,NOT_NAMED
TS,2004,22.3 -88.3,1944-08-19 18:00:00,35,0,NOT_NAMED
TS,2004,22.6 -89.2,1944-08-20 00:00:00,35,0,NOT_NAMED
TS,2004,22.9 -90.1,1944-08-20 06:00:00,40,0,NOT_NAMED
TS,2004,23 -91,1944-08-20 12:00:00,40,0,NOT_NAMED
TS,2004,23 -91.9,1944-08-20 18:00:00,45,0,NOT_NAMED
TS,2004,23.1 -92.8,1944-08-21 00:00:00,50,0,NOT_NAMED
TS,2004,23.3 -93.7,1944-08-21 06:00:00,50,0,NOT_NAMED
TS,2004,23.5 -94.5,1944-08-21 12:00:00,50,0,NOT_NAMED
TS,2004,23.8 -95.2,1944-08-21 18:00:00,50,0,NOT_NAMED
TS,2004,24 -95.8,1944-08-22 00:00:00,50,0,NOT_NAMED
TS,2004,24.3 -96.4,1944-08-22 06:00:00,50,0,NOT_NAMED
TS,2004,24.7 -97.1,1944-08-22 12:00:00,45,0,NOT_NAMED
TS,2004,25 -97.8,1944-08-22 18:00:00,45,0,NOT_NAMED
TS,2004,25.3 -98.7,1944-08-23 00:00:00,35,0,NOT_NAMED
TS,2004,25.6 -99.8,1944-08-23 06:00:00,25,0,NOT_NAMED
TS,2005,25 -95,1944-09-09 00:00:00,25,0,NOT_NAMED
TS,2005,25.8 -94.8,1944-09-09 06:00:00,30,0,NOT_NAMED
TS,2005,26.5 -94.5,1944-09-09 12:00:00,35,0,NOT_NAMED
TS,2005,27 -94.1,1944-09-09 18:00:00,40,0,NOT_NAMED
TS,2005,27.2 -93.5,1944-09-10 00:00:00,45,0,NOT_NAMED
TS,2005,27.7 -92.6,1944-09-10 06:00:00,45,0,NOT_NAMED
TS,2005,28.4 -91.5,1944-09-10 12:00:00,50,0,NOT_NAMED
TS,2005,29.1 -89.6,1944-09-10 18:00:00,55,992,NOT_NAMED
TS,2005,29.3 -89.4,1944-09-10 19:00:00,55,992,NOT_NAMED
TS,2005,30.3 -88.3,1944-09-10 23:00:00,50,0,NOT_NAMED
TS,2005,30.7 -88.1,1944-09-11 00:00:00,40,0,NOT_NAMED
TS,2005,31.4 -87,1944-09-11 06:00:00,30,0,NOT_NAMED
TS,2005,32 -86.8,1944-09-11 12:00:00,25,0,NOT_NAMED
L4,2006,20.8 -58.5,1944-09-09 06:00:00,45,0,NOT_NAMED
L4,2006,21.2 -59.7,1944-09-09 12:00:00,50,0,NOT_NAMED
L4,2006,21.6 -61,1944-09-09 18:00:00,55,0,NOT_NAMED
L4,2006,22 -62.3,1944-09-10 00:00:00,60,0,NOT_NAMED
L4,2006,22.5 -63.6,1944-09-10 06:00:00,65,0,NOT_NAMED
L4,2006,23 -65,1944-09-10 12:00:00,70,0,NOT_NAMED
L4,2006,23.6 -66.3,1944-09-10 18:00:00,75,0,NOT_NAMED
L4,2006,24.3 -67.4,1944-09-11 00:00:00,80,0,NOT_NAMED
L4,2006,25 -68.1,1944-09-11 06:00:00,85,0,NOT_NAMED
L4,2006,25.5 -68.7,1944-09-11 12:00:00,90,0,NOT_NAMED
L4,2006,25.7 -69.2,1944-09-11 18:00:00,95,0,NOT_NAMED
L4,2006,25.8 -69.9,1944-09-12 00:00:00,105,0,NOT_NAMED
L4,2006,25.9 -70.6,1944-09-12 06:00:00,110,0,NOT_NAMED
L4,2006,26.2 -71.5,1944-09-12 12:00:00,115,943,NOT_NAMED
L4,2006,26.6 -72.8,1944-09-12 18:00:00,120,0,NOT_NAMED
L4,2006,27 -74,1944-09-13 00:00:00,120,0,NOT_NAMED
L4,2006,27.6 -74.7,1944-09-13 06:00:00,120,0,NOT_NAMED
L4,2006,28.5 -75.1,1944-09-13 12:00:00,125,0,NOT_NAMED
L4,2006,29.7 -75.5,1944-09-13 18:00:00,125,0,NOT_NAMED
L4,2006,31.2 -75.7,1944-09-14 00:00:00,120,0,NOT_NAMED
L4,2006,32.7 -75.7,1944-09-14 06:00:00,110,0,NOT_NAMED
L4,2006,34.5 -75.4,1944-09-14 12:00:00,105,942,NOT_NAMED
L4,2006,37.1 -74.7,1944-09-14 18:00:00,100,0,NOT_NAMED
L4,2006,39.9 -73.2,1944-09-15 00:00:00,90,954,NOT_NAMED
L4,2006,40.9 -72.2,1944-09-15 02:00:00,90,954,NOT_NAMED
L4,2006,41.4 -71.6,1944-09-15 04:00:00,85,957,NOT_NAMED
L4,2006,42 -71,1944-09-15 06:00:00,65,966,NOT_NAMED
L4,2006,44.2 -68.5,1944-09-15 12:00:00,55,982,NOT_NAMED
L4,2006,46 -63.7,1944-09-15 18:00:00,50,0,NOT_NAMED
L4,2006,47.8 -58.2,1944-09-16 00:00:00,45,0,NOT_NAMED
L4,2006,49.9 -52.6,1944-09-16 06:00:00,40,0,NOT_NAMED
L4,2006,52 -47,1944-09-16 12:00:00,35,0,NOT_NAMED
L1,2007,19.3 -83.6,1944-09-19 06:00:00,40,0,NOT_NAMED
L1,2007,20 -84.2,1944-09-19 12:00:00,50,0,NOT_NAMED
L1,2007,20.6 -84.9,1944-09-19 18:00:00,60,0,NOT_NAMED
L1,2007,20.9 -85.6,1944-09-20 00:00:00,70,0,NOT_NAMED
L1,2007,21 -86.3,1944-09-20 06:00:00,70,0,NOT_NAMED
L1,2007,21.1 -87.2,1944-09-20 12:00:00,60,0,NOT_NAMED
L1,2007,20.9 -88.3,1944-09-20 18:00:00,55,0,NOT_NAMED
L1,2007,20.5 -89.5,1944-09-21 00:00:00,50,0,NOT_NAMED
L1,2007,20 -90.7,1944-09-21 06:00:00,65,0,NOT_NAMED
L1,2007,19.2 -92,1944-09-21 12:00:00,70,0,NOT_NAMED
L1,2007,18.5 -93.2,1944-09-21 18:00:00,70,0,NOT_NAMED
L1,2007,17.9 -94,1944-09-22 00:00:00,60,0,NOT_NAMED
L1,2007,17.2 -94.2,1944-09-22 06:00:00,45,0,NOT_NAMED
L1,2007,16.5 -94,1944-09-22 12:00:00,30,0,NOT_NAMED
L2,2008,17.1 -41.5,1944-09-21 12:00:00,35,0,NOT_NAMED
L2,2008,17.2 -43.5,1944-09-21 18:00:00,35,0,NOT_NAMED
L2,2008,17.4 -45.6,1944-09-22 00:00:00,35,0,NOT_NAMED
L2,2008,17.7 -47.7,1944-09-22 06:00:00,35,0,NOT_NAMED
L2,2008,18.2 -49.7,1944-09-22 12:00:00,40,0,NOT_NAMED
L2,2008,19 -51.4,1944-09-22 18:00:00,40,0,NOT_NAMED
L2,2008,19.8 -52.7,1944-09-23 00:00:00,45,0,NOT_NAMED
L2,2008,21.3 -54.1,1944-09-23 06:00:00,45,0,NOT_NAMED
L2,2008,23 -55.1,1944-09-23 12:00:00,50,0,NOT_NAMED
L2,2008,24.4 -55.7,1944-09-23 18:00:00,55,0,NOT_NAMED
L2,2008,25.8 -55.9,1944-09-24 00:00:00,55,0,NOT_NAMED
L2,2008,27.4 -55.9,1944-09-24 06:00:00,60,0,NOT_NAMED
L2,2008,29.2 -55.8,1944-09-24 12:00:00,65,0,NOT_NAMED
L2,2008,31.2 -55.5,1944-09-24 18:00:00,70,0,NOT_NAMED
L2,2008,33.2 -55,1944-09-25 00:00:00,75,0,NOT_NAMED
L2,2008,35.2 -54.1,1944-09-25 06:00:00,80,0,NOT_NAMED
L2,2008,37 -53.5,1944-09-25 12:00:00,85,0,NOT_NAMED
L2,2008,38.2 -53.3,1944-09-25 18:00:00,80,0,NOT_NAMED
L2,2008,39.2 -53.3,1944-09-26 00:00:00,75,0,NOT_NAMED
L2,2008,40.2 -53.2,1944-09-26 06:00:00,70,0,NOT_NAMED
L2,2008,41.5 -53,1944-09-26 12:00:00,60,0,NOT_NAMED
L2,2008,43.5 -52,1944-09-26 18:00:00,55,0,NOT_NAMED
L2,2008,46.5 -50,1944-09-27 00:00:00,55,0,NOT_NAMED
L2,2008,50 -47.2,1944-09-27 06:00:00,50,0,NOT_NAMED
L2,2008,53 -43.9,1944-09-27 12:00:00,50,0,NOT_NAMED
L2,2008,55.5 -40,1944-09-27 18:00:00,45,0,NOT_NAMED
L2,2008,57.8 -34.7,1944-09-28 00:00:00,45,0,NOT_NAMED
L2,2008,59.6 -28.5,1944-09-28 06:00:00,40,0,NOT_NAMED
L2,2008,61.4 -22.4,1944-09-28 12:00:00,40,0,NOT_NAMED
TS,2009,33.1 -44.1,1944-09-30 00:00:00,35,0,NOT_NAMED
TS,2009,33.8 -44.3,1944-09-30 06:00:00,35,0,NOT_NAMED
TS,2009,34.5 -44.5,1944-09-30 12:00:00,40,0,NOT_NAMED
TS,2009,35.2 -44.7,1944-09-30 18:00:00,40,0,NOT_NAMED
TS,2009,35.9 -44.8,1944-10-01 00:00:00,45,0,NOT_NAMED
TS,2009,36.7 -44.9,1944-10-01 06:00:00,45,0,NOT_NAMED
TS,2009,37.5 -45,1944-10-01 12:00:00,45,0,NOT_NAMED
TS,2009,38.5 -44.9,1944-10-01 18:00:00,45,0,NOT_NAMED
TS,2009,39.5 -44.5,1944-10-02 00:00:00,40,0,NOT_NAMED
TS,2009,40.5 -43.5,1944-10-02 06:00:00,35,0,NOT_NAMED
TS,2009,41.5 -41.5,1944-10-02 12:00:00,30,0,NOT_NAMED
TS,2009,42.6 -39.3,1944-10-02 18:00:00,30,0,NOT_NAMED
TS,2009,43.8 -37,1944-10-03 00:00:00,30,0,NOT_NAMED
TS,2010,14.4 -59.3,1944-09-30 06:00:00,35,0,NOT_NAMED
TS,2010,14.5 -59.5,1944-09-30 12:00:00,40,0,NOT_NAMED
TS,2010,14.6 -59.7,1944-09-30 18:00:00,40,0,NOT_NAMED
TS,2010,14.8 -59.9,1944-10-01 00:00:00,40,0,NOT_NAMED
TS,2010,15 -60.2,1944-10-01 06:00:00,40,0,NOT_NAMED
TS,2010,15.3 -60.7,1944-10-01 12:00:00,40,0,NOT_NAMED
TS,2010,15.8 -61.1,1944-10-01 18:00:00,40,0,NOT_NAMED
TS,2010,16.6 -61,1944-10-02 00:00:00,40,0,NOT_NAMED
TS,2010,17.8 -60.5,1944-10-02 06:00:00,40,0,NOT_NAMED
TS,2010,18.9 -59.7,1944-10-02 12:00:00,40,0,NOT_NAMED
TS,2010,19.8 -59.2,1944-10-02 18:00:00,35,0,NOT_NAMED
TS,2010,20.3 -59,1944-10-03 00:00:00,35,0,NOT_NAMED
TS,2010,20.5 -59,1944-10-03 06:00:00,30,0,NOT_NAMED
L1,2011,35.5 -40.4,1944-10-11 00:00:00,35,0,NOT_NAMED
L1,2011,35.5 -40.2,1944-10-11 06:00:00,35,0,NOT_NAMED
L1,2011,35.5 -40,1944-10-11 12:00:00,40,0,NOT_NAMED
L1,2011,35.5 -39.8,1944-10-11 18:00:00,45,0,NOT_NAMED
L1,2011,35.6 -39.6,1944-10-12 00:00:00,50,0,NOT_NAMED
L1,2011,35.7 -39.3,1944-10-12 06:00:00,60,0,NOT_NAMED
L1,2011,36 -39,1944-10-12 12:00:00,70,0,NOT_NAMED
L1,2011,36.6 -38.6,1944-10-12 18:00:00,70,0,NOT_NAMED
L1,2011,37.5 -38.1,1944-10-13 00:00:00,70,0,NOT_NAMED
L1,2011,38.3 -37.4,1944-10-13 06:00:00,60,0,NOT_NAMED
L1,2011,39 -36.5,1944-10-13 12:00:00,50,0,NOT_NAMED
L1,2011,39.7 -35.3,1944-10-13 18:00:00,50,0,NOT_NAMED
L1,2011,40.4 -33.5,1944-10-14 00:00:00,45,0,NOT_NAMED
L1,2011,41 -29.5,1944-10-14 06:00:00,45,0,NOT_NAMED
L1,2011,41.5 -25.5,1944-10-14 12:00:00,45,0,NOT_NAMED
L1,2011,41.2 -23,1944-10-14 18:00:00,45,0,NOT_NAMED
L1,2011,40.5 -21,1944-10-15 00:00:00,45,0,NOT_NAMED
L1,2011,39.7 -19.5,1944-10-15 06:00:00,50,0,NOT_NAMED
L1,2011,39 -18,1944-10-15 12:00:00,55,0,NOT_NAMED
L1,2011,38.5 -16,1944-10-15 18:00:00,55,0,NOT_NAMED
L4,2012,16 -80.5,1944-10-12 12:00:00,30,0,NOT_NAMED
L4,2012,16.4 -80.6,1944-10-12 18:00:00,35,0,NOT_NAMED
L4,2012,16.8 -80.7,1944-10-13 00:00:00,40,0,NOT_NAMED
L4,2012,17.1 -80.8,1944-10-13 06:00:00,50,0,NOT_NAMED
L4,2012,17.4 -80.9,1944-10-13 12:00:00,60,0,NOT_NAMED
L4,2012,17.6 -80.9,1944-10-13 18:00:00,70,0,NOT_NAMED
L4,2012,17.8 -80.8,1944-10-14 00:00:00,80,976,NOT_NAMED
L4,2012,17.9 -80.7,1944-10-14 06:00:00,80,0,NOT_NAMED
L4,2012,18 -80.6,1944-10-14 12:00:00,80,0,NOT_NAMED
L4,2012,18.1 -80.6,1944-10-14 18:00:00,80,0,NOT_NAMED
L4,2012,18.2 -80.5,1944-10-15 00:00:00,80,0,NOT_NAMED
L4,2012,18.3 -80.5,1944-10-15 06:00:00,80,0,NOT_NAMED
L4,2012,18.5 -80.8,1944-10-15 12:00:00,85,0,NOT_NAMED
L4,2012,18.7 -81.3,1944-10-15 18:00:00,85,0,NOT_NAMED
L4,2012,19 -81.7,1944-10-16 00:00:00,90,0,NOT_NAMED
L4,2012,19.2 -82.1,1944-10-16 06:00:00,90,0,NOT_NAMED
L4,2012,19.4 -82.4,1944-10-16 12:00:00,90,0,NOT_NAMED
L4,2012,19.5 -82.7,1944-10-16 18:00:00,90,0,NOT_NAMED
L4,2012,19.6 -82.9,1944-10-17 00:00:00,90,0,NOT_NAMED
L4,2012,19.7 -82.9,1944-10-17 06:00:00,95,0,NOT_NAMED
L4,2012,20 -82.9,1944-10-17 12:00:00,95,0,NOT_NAMED
L4,2012,20.6 -82.9,1944-10-17 18:00:00,105,0,NOT_NAMED
L4,2012,21.4 -82.9,1944-10-18 00:00:00,115,0,NOT_NAMED
L4,2012,22.2 -82.9,1944-10-18 06:00:00,125,0,NOT_NAMED
L4,2012,23.1 -83,1944-10-18 12:00:00,115,937,NOT_NAMED
L4,2012,24 -82.9,1944-10-18 18:00:00,105,949,NOT_NAMED
L4,2012,24.6 -82.9,1944-10-18 21:00:00,105,949,NOT_NAMED
L4,2012,25.3 -82.7,1944-10-19 00:00:00,100,0,NOT_NAMED
L4,2012,26.9 -82.6,1944-10-19 06:00:00,90,962,NOT_NAMED
L4,2012,27.2 -82.5,1944-10-19 07:00:00,90,962,NOT_NAMED
L4,2012,28.4 -82.1,1944-10-19 12:00:00,75,968,NOT_NAMED
L4,2012,29.8 -81.7,1944-10-19 18:00:00,60,976,NOT_NAMED
L4,2012,31.2 -81.4,1944-10-20 00:00:00,55,980,NOT_NAMED
L4,2012,32.4 -81,1944-10-20 06:00:00,50,985,NOT_NAMED
L4,2012,33.7 -80.5,1944-10-20 12:00:00,50,988,NOT_NAMED
L4,2012,35.4 -79,1944-10-20 18:00:00,45,993,NOT_NAMED
L4,2012,37.1 -76.9,1944-10-21 00:00:00,40,996,NOT_NAMED
L4,2012,38.3 -75,1944-10-21 06:00:00,40,0,NOT_NAMED
L4,2012,39.4 -73.3,1944-10-21 12:00:00,45,0,NOT_NAMED
L4,2012,40.7 -70.8,1944-10-21 18:00:00,45,0,NOT_NAMED
L4,2012,42.7 -67.4,1944-10-22 00:00:00,45,0,NOT_NAMED
L4,2012,44.9 -63.5,1944-10-22 06:00:00,45,0,NOT_NAMED
L4,2012,47.5 -59.5,1944-10-22 12:00:00,45,0,NOT_NAMED
L4,2012,50.5 -56.5,1944-10-22 18:00:00,45,0,NOT_NAMED
L4,2012,54 -54,1944-10-23 00:00:00,45,0,NOT_NAMED
L4,2012,57 -52,1944-10-23 06:00:00,45,0,NOT_NAMED
L4,2012,59.5 -50,1944-10-23 12:00:00,50,0,NOT_NAMED
L4,2012,61.5 -47,1944-10-23 18:00:00,50,0,NOT_NAMED
L4,2012,63 -43.5,1944-10-24 00:00:00,45,0,NOT_NAMED
L4,2012,64.5 -39,1944-10-24 06:00:00,40,0,NOT_NAMED
L4,2012,66 -34,1944-10-24 12:00:00,30,0,NOT_NAMED
TS,2013,12.2 -81.3,1944-11-01 00:00:00,30,0,NOT_NAMED
TS,2013,12.1 -81.4,1944-11-01 06:00:00,35,0,NOT_NAMED
TS,2013,12 -81.5,1944-11-01 12:00:00,40,0,NOT_NAMED
TS,2013,11.9 -81.7,1944-11-01 18:00:00,45,0,NOT_NAMED
TS,2013,11.7 -82,1944-11-02 00:00:00,50,0,NOT_NAMED
TS,2013,11.6 -82.3,1944-11-02 06:00:00,55,0,NOT_NAMED
TS,2013,11.5 -82.5,1944-11-02 12:00:00,60,0,NOT_NAMED
TS,2013,11.4 -82.5,1944-11-02 18:00:00,60,0,NOT_NAMED
TS,2013,11.3 -82.4,1944-11-03 00:00:00,50,0,NOT_NAMED
TS,2013,11.3 -82.2,1944-11-03 06:00:00,40,0,NOT_NAMED
TS,2013,11.3 -82,1944-11-03 12:00:00,30,0,NOT_NAMED
TS,2013,11.3 -81.8,1944-11-03 18:00:00,25,0,NOT_NAMED
L2,2014,19 -85.7,1945-06-20 12:00:00,35,0,NOT_NAMED
L2,2014,19.5 -85.9,1945-06-20 18:00:00,40,0,NOT_NAMED
L2,2014,20 -86.1,1945-06-21 00:00:00,40,0,NOT_NAMED
L2,2014,20.6 -86.2,1945-06-21 06:00:00,40,0,NOT_NAMED
L2,2014,21.4 -86.3,1945-06-21 12:00:00,40,0,NOT_NAMED
L2,2014,22.2 -86.3,1945-06-21 18:00:00,40,0,NOT_NAMED
L2,2014,23 -86.4,1945-06-22 00:00:00,40,0,NOT_NAMED
L2,2014,23.8 -86.4,1945-06-22 06:00:00,45,0,NOT_NAMED
L2,2014,24.5 -86.5,1945-06-22 12:00:00,45,0,NOT_NAMED
L2,2014,25.2 -86.6,1945-06-22 18:00:00,50,0,NOT_NAMED
L2,2014,25.9 -86.6,1945-06-23 00:00:00,50,0,NOT_NAMED
L2,2014,26.6 -86.6,1945-06-23 06:00:00,55,0,NOT_NAMED
L2,2014,27.2 -86.5,1945-06-23 12:00:00,70,0,NOT_NAMED
L2,2014,27.6 -86,1945-06-23 18:00:00,85,0,NOT_NAMED
L2,2014,28 -85,1945-06-24 00:00:00,80,0,NOT_NAMED
L2,2014,28.5 -83.5,1945-06-24 06:00:00,70,0,NOT_NAMED
L2,2014,28.6 -82.7,1945-06-24 08:00:00,70,0,NOT_NAMED
L2,2014,29 -82,1945-06-24 12:00:00,50,0,NOT_NAMED
L2,2014,29.8 -81,1945-06-24 18:00:00,60,0,NOT_NAMED
L2,2014,30.7 -80.1,1945-06-25 00:00:00,65,0,NOT_NAMED
L2,2014,31.7 -79.3,1945-06-25 06:00:00,65,0,NOT_NAMED
L2,2014,32.8 -78.5,1945-06-25 12:00:00,65,0,NOT_NAMED
L2,2014,33.8 -77.5,1945-06-25 18:00:00,65,0,NOT_NAMED
L2,2014,34.6 -76.7,1945-06-26 00:00:00,65,0,NOT_NAMED
L2,2014,34.7 -76.6,1945-06-26 01:00:00,65,0,NOT_NAMED
L2,2014,35.8 -75.5,1945-06-26 06:00:00,65,0,NOT_NAMED
L2,2014,37.3 -73.8,1945-06-26 12:00:00,65,0,NOT_NAMED
L2,2014,38.4 -72.3,1945-06-26 18:00:00,65,0,NOT_NAMED
L2,2014,39.4 -71.1,1945-06-27 00:00:00,65,0,NOT_NAMED
L2,2014,40.2 -70.1,1945-06-27 06:00:00,65,0,NOT_NAMED
L2,2014,40.8 -69,1945-06-27 12:00:00,65,0,NOT_NAMED
L2,2014,41.3 -68.1,1945-06-27 18:00:00,55,0,NOT_NAMED
L2,2014,41.7 -67.3,1945-06-28 00:00:00,45,0,NOT_NAMED
L2,2014,41.9 -66.5,1945-06-28 06:00:00,45,0,NOT_NAMED
L2,2014,42.2 -65.5,1945-06-28 12:00:00,45,0,NOT_NAMED
L2,2014,42.6 -64.4,1945-06-28 18:00:00,40,0,NOT_NAMED
L2,2014,43.1 -63.2,1945-06-29 00:00:00,40,0,NOT_NAMED
L2,2014,43.8 -61.7,1945-06-29 06:00:00,40,0,NOT_NAMED
L2,2014,44.8 -60,1945-06-29 12:00:00,40,0,NOT_NAMED
L2,2014,45.9 -58.3,1945-06-29 18:00:00,40,0,NOT_NAMED
L2,2014,47.1 -56.6,1945-06-30 00:00:00,35,0,NOT_NAMED
L2,2014,48.5 -54.8,1945-06-30 06:00:00,35,0,NOT_NAMED
L2,2014,50 -53,1945-06-30 12:00:00,35,0,NOT_NAMED
L2,2014,51.7 -50.5,1945-06-30 18:00:00,35,0,NOT_NAMED
L2,2014,53.6 -47.5,1945-07-01 00:00:00,35,0,NOT_NAMED
L2,2014,55.8 -44.2,1945-07-01 06:00:00,35,0,NOT_NAMED
L2,2014,57.8 -41.2,1945-07-01 12:00:00,35,0,NOT_NAMED
L2,2014,59.3 -39,1945-07-01 18:00:00,35,0,NOT_NAMED
L2,2014,60.3 -37.3,1945-07-02 00:00:00,40,0,NOT_NAMED
L2,2014,60.7 -35.8,1945-07-02 06:00:00,40,0,NOT_NAMED
L2,2014,61 -34.5,1945-07-02 12:00:00,40,0,NOT_NAMED
L2,2014,61.2 -33.3,1945-07-02 18:00:00,40,0,NOT_NAMED
L2,2014,61.4 -32.3,1945-07-03 00:00:00,35,0,NOT_NAMED
L2,2014,61.7 -31.3,1945-07-03 06:00:00,35,0,NOT_NAMED
L2,2014,62 -30,1945-07-03 12:00:00,30,0,NOT_NAMED
L2,2014,62.4 -28.6,1945-07-03 18:00:00,30,0,NOT_NAMED
L2,2014,62.9 -27.1,1945-07-04 00:00:00,30,0,NOT_NAMED
L2,2014,63.6 -25.6,1945-07-04 06:00:00,30,0,NOT_NAMED
L2,2014,64.5 -24,1945-07-04 12:00:00,25,0,NOT_NAMED
TS,2015,25.7 -90,1945-07-19 06:00:00,30,0,NOT_NAMED
TS,2015,26 -90.8,1945-07-19 12:00:00,30,0,NOT_NAMED
TS,2015,26.3 -91.5,1945-07-19 18:00:00,30,0,NOT_NAMED
TS,2015,26.6 -92.2,1945-07-20 00:00:00,35,0,NOT_NAMED
TS,2015,26.8 -92.8,1945-07-20 06:00:00,35,0,NOT_NAMED
TS,2015,27 -93.4,1945-07-20 12:00:00,35,0,NOT_NAMED
TS,2015,27.3 -93.9,1945-07-20 18:00:00,35,0,NOT_NAMED
TS,2015,27.6 -94.4,1945-07-21 00:00:00,35,0,NOT_NAMED
TS,2015,27.8 -94.9,1945-07-21 06:00:00,35,0,NOT_NAMED
TS,2015,27.8 -95.4,1945-07-21 12:00:00,35,0,NOT_NAMED
TS,2015,27.6 -95.8,1945-07-21 18:00:00,35,0,NOT_NAMED
TS,2015,27.2 -96.2,1945-07-22 00:00:00,30,0,NOT_NAMED
TS,2015,26.9 -96.9,1945-07-22 06:00:00,25,0,NOT_NAMED
TS,2016,13.6 -58.3,1945-08-02 00:00:00,35,0,NOT_NAMED
TS,2016,14.1 -58.9,1945-08-02 06:00:00,40,0,NOT_NAMED
TS,2016,14.5 -59.7,1945-08-02 12:00:00,40,0,NOT_NAMED
TS,2016,15 -60.7,1945-08-02 18:00:00,45,0,NOT_NAMED
TS,2016,15.6 -62,1945-08-03 00:00:00,45,0,NOT_NAMED
TS,2016,16.1 -63.3,1945-08-03 06:00:00,50,0,NOT_NAMED
TS,2016,16.6 -64.7,1945-08-03 12:00:00,50,0,NOT_NAMED
TS,2016,16.9 -66.2,1945-08-03 18:00:00,50,0,NOT_NAMED
TS,2016,17.2 -67.5,1945-08-04 00:00:00,50,0,NOT_NAMED
TS,2016,17.6 -68.7,1945-08-04 06:00:00,50,0,NOT_NAMED
TS,2016,18.1 -70,1945-08-04 12:00:00,50,0,NOT_NAMED
TS,2016,18.7 -71.3,1945-08-04 18:00:00,30,0,NOT_NAMED
TS,2017,17.4 -53.5,1945-08-17 18:00:00,35,0,NOT_NAMED
TS,2017,17.7 -54.9,1945-08-18 00:00:00,45,0,NOT_NAMED
TS,2017,17.9 -56.4,1945-08-18 06:00:00,55,0,NOT_NAMED
TS,2017,18.2 -58,1945-08-18 12:00:00,60,0,NOT_NAMED
TS,2017,18.5 -59.7,1945-08-18 18:00:00,60,0,NOT_NAMED
TS,2017,18.8 -61.5,1945-08-19 00:00:00,60,0,NOT_NAMED
TS,2017,19.2 -63.3,1945-08-19 06:00:00,55,0,NOT_NAMED
TS,2017,19.6 -65,1945-08-19 12:00:00,50,0,NOT_NAMED
TS,2017,20.1 -66.7,1945-08-19 18:00:00,50,0,NOT_NAMED
TS,2017,20.6 -68.3,1945-08-20 00:00:00,45,0,NOT_NAMED
TS,2017,21.1 -69.9,1945-08-20 06:00:00,40,0,NOT_NAMED
TS,2017,21.4 -71.8,1945-08-20 12:00:00,40,0,NOT_NAMED
TS,2017,21.6 -73.8,1945-08-20 18:00:00,35,0,NOT_NAMED
TS,2017,21.8 -75.6,1945-08-21 00:00:00,30,0,NOT_NAMED
TS,2017,22 -77.2,1945-08-21 06:00:00,25,0,NOT_NAMED
L3,2018,20.5 -94.4,1945-08-24 00:00:00,40,0,NOT_NAMED
L3,2018,21.3 -94.7,1945-08-24 06:00:00,45,0,NOT_NAMED
L3,2018,22 -95,1945-08-24 12:00:00,50,0,NOT_NAMED
L3,2018,22.6 -95.3,1945-08-24 18:00:00,55,0,NOT_NAMED
L3,2018,23.3 -95.6,1945-08-25 00:00:00,60,0,NOT_NAMED
L3,2018,24 -95.8,1945-08-25 06:00:00,70,0,NOT_NAMED
L3,2018,24.7 -96,1945-08-25 12:00:00,80,0,NOT_NAMED
L3,2018,25.3 -96.2,1945-08-25 18:00:00,85,0,NOT_NAMED
L3,2018,25.9 -96.4,1945-08-26 00:00:00,90,0,NOT_NAMED
L3,2018,26.5 -96.6,1945-08-26 06:00:00,95,0,NOT_NAMED
L3,2018,27 -96.8,1945-08-26 12:00:00,100,0,NOT_NAMED
L3,2018,27.3 -96.9,1945-08-26 18:00:00,100,0,NOT_NAMED
L3,2018,27.5 -97,1945-08-27 00:00:00,100,0,NOT_NAMED
L3,2018,27.8 -97,1945-08-27 06:00:00,100,0,NOT_NAMED
L3,2018,28.2 -96.7,1945-08-27 12:00:00,100,963,NOT_NAMED
L3,2018,28.6 -96.3,1945-08-27 18:00:00,90,966,NOT_NAMED
L3,2018,28.9 -96.1,1945-08-28 00:00:00,75,0,NOT_NAMED
L3,2018,29.4 -96,1945-08-28 06:00:00,65,980,NOT_NAMED
L3,2018,29.9 -96.1,1945-08-28 12:00:00,50,987,NOT_NAMED
L3,2018,30.5 -96.3,1945-08-28 18:00:00,40,993,NOT_NAMED
L3,2018,31 -96.6,1945-08-29 00:00:00,35,998,NOT_NAMED
L3,2018,31.5 -97.1,1945-08-29 06:00:00,30,1002,NOT_NAMED
L3,2018,31.8 -97.5,1945-08-29 12:00:00,25,1006,NOT_NAMED
L3,2018,32.1 -97.9,1945-08-29 18:00:00,20,1009,NOT_NAMED
TS,2019,13.6 -82.3,1945-08-29 06:00:00,35,0,NOT_NAMED
TS,2019,14.2 -81.8,1945-08-29 12:00:00,35,0,NOT_NAMED
TS,2019,14.8 -81.5,1945-08-29 18:00:00,40,0,NOT_NAMED
TS,2019,15.5 -81.3,1945-08-30 00:00:00,40,0,NOT_NAMED
TS,2019,16.4 -81.5,1945-08-30 06:00:00,45,0,NOT_NAMED
TS,2019,17.2 -82.2,1945-08-30 12:00:00,50,0,NOT_NAMED
TS,2019,17.6 -83.2,1945-08-30 18:00:00,50,0,NOT_NAMED
TS,2019,17.7 -84.4,1945-08-31 00:00:00,55,0,NOT_NAMED
TS,2019,17.8 -85.6,1945-08-31 06:00:00,55,0,NOT_NAMED
TS,2019,17.7 -86.9,1945-08-31 12:00:00,60,0,NOT_NAMED
TS,2019,17.4 -88.2,1945-08-31 18:00:00,60,990,NOT_NAMED
TS,2019,17.2 -89.4,1945-09-01 00:00:00,40,0,NOT_NAMED
TS,2019,17.1 -90.4,1945-09-01 06:00:00,30,0,NOT_NAMED
TS,2019,17 -91.3,1945-09-01 12:00:00,25,0,NOT_NAMED
TS,2019,17 -92,1945-09-01 18:00:00,25,0,NOT_NAMED
TS,2020,21 -84.6,1945-09-03 18:00:00,30,0,NOT_NAMED
TS,2020,22.1 -83.8,1945-09-04 00:00:00,30,0,NOT_NAMED
TS,2020,23.2 -82.8,1945-09-04 06:00:00,30,0,NOT_NAMED
TS,2020,24.4 -82.1,1945-09-04 12:00:00,35,0,NOT_NAMED
TS,2020,25.5 -82,1945-09-04 18:00:00,35,0,NOT_NAMED
TS,2020,26.5 -82.1,1945-09-05 00:00:00,35,0,NOT_NAMED
TS,2020,27.5 -83.8,1945-09-05 06:00:00,35,0,NOT_NAMED
TS,2020,28.5 -86,1945-09-05 12:00:00,30,0,NOT_NAMED
TS,2020,29.3 -87.5,1945-09-05 18:00:00,30,0,NOT_NAMED
TS,2020,30 -88.8,1945-09-06 00:00:00,30,0,NOT_NAMED
TS,2020,30.7 -89.8,1945-09-06 06:00:00,25,0,NOT_NAMED
TS,2020,31.3 -90.8,1945-09-06 12:00:00,25,0,NOT_NAMED
TS,2020,31.9 -91.9,1945-09-06 18:00:00,20,0,NOT_NAMED
TS,2021,16.4 -58.3,1945-09-09 12:00:00,45,0,NOT_NAMED
TS,2021,17.4 -59.2,1945-09-09 18:00:00,45,1009,NOT_NAMED
TS,2021,18.3 -60,1945-09-10 00:00:00,45,0,NOT_NAMED
TS,2021,19.1 -60.8,1945-09-10 06:00:00,45,0,NOT_NAMED
TS,2021,20.1 -61.8,1945-09-10 12:00:00,50,0,NOT_NAMED
TS,2021,21.3 -63.2,1945-09-10 18:00:00,50,0,NOT_NAMED
TS,2021,22.6 -64.9,1945-09-11 00:00:00,50,0,NOT_NAMED
TS,2021,24 -66.1,1945-09-11 06:00:00,50,0,NOT_NAMED
TS,2021,25.5 -67,1945-09-11 12:00:00,45,0,NOT_NAMED
TS,2021,27 -67.3,1945-09-11 18:00:00,45,0,NOT_NAMED
TS,2021,28.6 -67.4,1945-09-12 00:00:00,40,0,NOT_NAMED
TS,2021,30.3 -67.3,1945-09-12 06:00:00,40,0,NOT_NAMED
TS,2021,32.2 -67.1,1945-09-12 12:00:00,35,0,NOT_NAMED
TS,2021,34.5 -66.7,1945-09-12 18:00:00,30,0,NOT_NAMED
L4,2022,19 -58.5,1945-09-12 00:00:00,65,0,NOT_NAMED
L4,2022,19.1 -59.9,1945-09-12 06:00:00,70,0,NOT_NAMED
L4,2022,19.2 -61.3,1945-09-12 12:00:00,75,0,NOT_NAMED
L4,2022,19.3 -62.6,1945-09-12 18:00:00,80,0,NOT_NAMED
L4,2022,19.5 -63.8,1945-09-13 00:00:00,85,0,NOT_NAMED
L4,2022,19.8 -64.9,1945-09-13 06:00:00,95,0,NOT_NAMED
L4,2022,20.2 -66.2,1945-09-13 12:00:00,95,0,NOT_NAMED
L4,2022,20.6 -68,1945-09-13 18:00:00,100,0,NOT_NAMED
L4,2022,21 -70,1945-09-14 00:00:00,100,0,NOT_NAMED
L4,2022,21.3 -71.7,1945-09-14 06:00:00,105,0,NOT_NAMED
L4,2022,21.6 -73,1945-09-14 12:00:00,105,0,NOT_NAMED
L4,2022,22 -74.4,1945-09-14 18:00:00,105,0,NOT_NAMED
L4,2022,22.6 -75.8,1945-09-15 00:00:00,105,0,NOT_NAMED
L4,2022,23.4 -77.2,1945-09-15 06:00:00,110,0,NOT_NAMED
L4,2022,24.2 -78.6,1945-09-15 12:00:00,115,0,NOT_NAMED
L4,2022,25.1 -80,1945-09-15 18:00:00,115,949,NOT_NAMED
L4,2022,25.3 -80.3,1945-09-15 19:00:00,115,949,NOT_NAMED
L4,2022,25.4 -80.4,1945-09-15 20:00:00,115,949,NOT_NAMED
L4,2022,25.9 -80.9,1945-09-16 00:00:00,100,954,NOT_NAMED
L4,2022,26.6 -81.5,1945-09-16 06:00:00,85,963,NOT_NAMED
L4,2022,27.5 -81.8,1945-09-16 12:00:00,75,974,NOT_NAMED
L4,2022,28.5 -81.7,1945-09-16 18:00:00,70,982,NOT_NAMED
L4,2022,29.6 -81.5,1945-09-17 00:00:00,65,987,NOT_NAMED
L4,2022,31 -81.2,1945-09-17 06:00:00,60,990,NOT_NAMED
L4,2022,32.1 -80.9,1945-09-17 11:00:00,60,990,NOT_NAMED
L4,2022,32.3 -80.8,1945-09-17 12:00:00,60,990,NOT_NAMED
L4,2022,33.4 -80.3,1945-09-17 18:00:00,50,996,NOT_NAMED
L4,2022,34.4 -79.9,1945-09-18 00:00:00,50,1000,NOT_NAMED
L4,2022,35.6 -79.3,1945-09-18 06:00:00,45,1006,NOT_NAMED
L4,2022,36.8 -78.5,1945-09-18 12:00:00,40,1012,NOT_NAMED
L4,2022,38.3 -77,1945-09-18 18:00:00,35,0,NOT_NAMED
L4,2022,40.3 -75,1945-09-19 00:00:00,30,0,NOT_NAMED
L4,2022,42.3 -72.4,1945-09-19 06:00:00,25,0,NOT_NAMED
L4,2022,44.1 -69,1945-09-19 12:00:00,25,0,NOT_NAMED
L4,2022,45.1 -65,1945-09-19 18:00:00,25,0,NOT_NAMED
L4,2022,45.6 -60.6,1945-09-20 00:00:00,30,0,NOT_NAMED
L4,2022,46.3 -54.8,1945-09-20 06:00:00,30,0,NOT_NAMED
L4,2022,47 -49,1945-09-20 12:00:00,35,0,NOT_NAMED
L4,2022,47.9 -46.1,1945-09-20 18:00:00,35,0,NOT_NAMED
L1,2023,15.5 -81,1945-10-02 06:00:00,40,0,NOT_NAMED
L1,2023,15.6 -81.5,1945-10-02 12:00:00,50,0,NOT_NAMED
L1,2023,15.8 -82,1945-10-02 18:00:00,60,0,NOT_NAMED
L1,2023,16.1 -82.5,1945-10-03 00:00:00,65,0,NOT_NAMED
L1,2023,16.4 -83.1,1945-10-03 06:00:00,70,0,NOT_NAMED
L1,2023,16.6 -83.8,1945-10-03 12:00:00,70,987,NOT_NAMED
L1,2023,16.8 -84.9,1945-10-03 18:00:00,75,982,NOT_NAMED
L1,2023,16.6 -86.1,1945-10-04 00:00:00,80,0,NOT_NAMED
L1,2023,16.4 -87.4,1945-10-04 06:00:00,80,0,NOT_NAMED
L1,2023,16.2 -88.7,1945-10-04 12:00:00,80,0,NOT_NAMED
L1,2023,16 -90,1945-10-04 18:00:00,55,0,NOT_NAMED
L1,2023,15.8 -91.3,1945-10-05 00:00:00,35,0,NOT_NAMED
L1,2023,15.7 -92.6,1945-10-05 06:00:00,30,0,NOT_NAMED
L1,2023,15.5 -94,1945-10-05 12:00:00,30,0,NOT_NAMED
L1,2023,15.5 -95.7,1945-10-05 18:00:00,30,0,NOT_NAMED
L1,2023,15.8 -97.7,1945-10-06 00:00:00,30,0,NOT_NAMED
L1,2023,16.3 -99.7,1945-10-06 06:00:00,30,0,NOT_NAMED
L1,2023,17 -101.5,1945-10-06 12:00:00,30,0,NOT_NAMED
L1,2023,18 -102.7,1945-10-06 18:00:00,30,0,NOT_NAMED
L1,2023,19.3 -103.5,1945-10-07 00:00:00,30,0,NOT_NAMED
L1,2023,21 -104.1,1945-10-07 06:00:00,30,0,NOT_NAMED
L1,2023,23 -104.5,1945-10-07 12:00:00,25,0,NOT_NAMED
L2,2024,14 -77.9,1945-10-10 12:00:00,30,0,NOT_NAMED
L2,2024,14.9 -78,1945-10-10 18:00:00,30,0,NOT_NAMED
L2,2024,15.8 -78.9,1945-10-11 00:00:00,35,0,NOT_NAMED
L2,2024,16.8 -79.8,1945-10-11 06:00:00,35,0,NOT_NAMED
L2,2024,17.8 -80.3,1945-10-11 12:00:00,45,0,NOT_NAMED
L2,2024,18.8 -80.3,1945-10-11 18:00:00,55,0,NOT_NAMED
L2,2024,19.6 -80.2,1945-10-12 00:00:00,65,0,NOT_NAMED
L2,2024,20.5 -79.8,1945-10-12 06:00:00,75,0,NOT_NAMED
L2,2024,21.6 -79.3,1945-10-12 12:00:00,85,0,NOT_NAMED
L2,2024,22.9 -78.6,1945-10-12 18:00:00,80,0,NOT_NAMED
L2,2024,24.2 -77.2,1945-10-13 00:00:00,80,0,NOT_NAMED
L2,2024,25.6 -75.8,1945-10-13 06:00:00,75,982,NOT_NAMED
L2,2024,27.2 -73.8,1945-10-13 12:00:00,70,0,NOT_NAMED
L2,2024,28.5 -70.5,1945-10-13 18:00:00,65,0,NOT_NAMED
L2,2024,29.9 -68,1945-10-14 00:00:00,65,0,NOT_NAMED
L2,2024,31.2 -64.2,1945-10-14 06:00:00,55,0,NOT_NAMED
L2,2024,32.4 -60.5,1945-10-14 12:00:00,40,0,NOT_NAMED
L2,2024,33.2 -57.5,1945-10-14 18:00:00,35,0,NOT_NAMED
L2,2024,34 -54.5,1945-10-15 00:00:00,35,0,NOT_NAMED
L2,2024,34.9 -50.5,1945-10-15 06:00:00,35,0,NOT_NAMED
L2,2024,35.8 -45.5,1945-10-15 12:00:00,35,0,NOT_NAMED
L2,2024,36.7 -42.2,1945-10-15 18:00:00,35,0,NOT_NAMED
L2,2024,37.2 -40,1945-10-16 00:00:00,30,0,NOT_NAMED
L2,2024,37.8 -37.7,1945-10-16 06:00:00,30,0,NOT_NAMED
L2,2024,38.3 -35,1945-10-16 12:00:00,30,0,NOT_NAMED
L2,2024,39 -32.2,1945-10-16 18:00:00,30,0,NOT_NAMED
TS,2025,27 -85.5,1946-06-13 18:00:00,35,0,NOT_NAMED
TS,2025,27.9 -86.2,1946-06-14 00:00:00,35,0,NOT_NAMED
TS,2025,28.3 -86.8,1946-06-14 06:00:00,35,0,NOT_NAMED
TS,2025,28.6 -87.5,1946-06-14 12:00:00,35,0,NOT_NAMED
TS,2025,28.7 -88.6,1946-06-14 18:00:00,35,0,NOT_NAMED
TS,2025,28.7 -89.7,1946-06-15 00:00:00,35,0,NOT_NAMED
TS,2025,28.8 -90.5,1946-06-15 06:00:00,35,0,NOT_NAMED
TS,2025,28.8 -91.2,1946-06-15 12:00:00,35,0,NOT_NAMED
TS,2025,28.8 -92.2,1946-06-15 18:00:00,35,0,NOT_NAMED
TS,2025,29.1 -93,1946-06-16 00:00:00,35,0,NOT_NAMED
TS,2025,29.6 -93.5,1946-06-16 06:00:00,35,0,NOT_NAMED
TS,2025,30.2 -94,1946-06-16 12:00:00,35,0,NOT_NAMED
TS,2025,30.8 -94.5,1946-06-16 18:00:00,25,0,NOT_NAMED
L1,2026,29 -79,1946-07-05 06:00:00,35,0,NOT_NAMED
L1,2026,31.8 -79.6,1946-07-05 12:00:00,40,1006,NOT_NAMED
L1,2026,32.7 -79.3,1946-07-05 18:00:00,40,0,NOT_NAMED
L1,2026,33.4 -78.9,1946-07-06 00:00:00,40,0,NOT_NAMED
L1,2026,34 -78.4,1946-07-06 06:00:00,40,0,NOT_NAMED
L1,2026,34.6 -77.7,1946-07-06 12:00:00,40,0,NOT_NAMED
L1,2026,35.4 -76.7,1946-07-06 18:00:00,45,0,NOT_NAMED
L1,2026,36.1 -75.4,1946-07-07 00:00:00,55,0,NOT_NAMED
L1,2026,36.3 -73.8,1946-07-07 06:00:00,60,0,NOT_NAMED
L1,2026,36.5 -72.3,1946-07-07 12:00:00,65,0,NOT_NAMED
L1,2026,36.7 -70.8,1946-07-07 18:00:00,70,0,NOT_NAMED
L1,2026,37 -69.3,1946-07-08 00:00:00,70,0,NOT_NAMED
L1,2026,37.5 -67.7,1946-07-08 06:00:00,70,0,NOT_NAMED
L1,2026,38 -66,1946-07-08 12:00:00,70,0,NOT_NAMED
L1,2026,38.5 -64.5,1946-07-08 18:00:00,70,0,NOT_NAMED
L1,2026,39 -63,1946-07-09 00:00:00,65,0,NOT_NAMED
L1,2026,39.6 -61.6,1946-07-09 06:00:00,60,0,NOT_NAMED
L1,2026,40.4 -60.1,1946-07-09 12:00:00,55,0,NOT_NAMED
L1,2026,41.4 -58.2,1946-07-09 18:00:00,50,0,NOT_NAMED
L1,2026,42.7 -56,1946-07-10 00:00:00,45,0,NOT_NAMED
L1,2026,44.2 -53.8,1946-07-10 06:00:00,40,0,NOT_NAMED
L1,2026,44.8 -51.5,1946-07-10 12:00:00,40,0,NOT_NAMED
L1,2026,46 -49.7,1946-07-10 18:00:00,35,0,NOT_NAMED
TS,2027,20.5 -93.2,1946-08-25 00:00:00,35,0,NOT_NAMED
TS,2027,21.1 -95,1946-08-25 06:00:00,35,0,NOT_NAMED
TS,2027,21.4 -96,1946-08-25 12:00:00,35,0,NOT_NAMED
TS,2027,21.9 -97.8,1946-08-25 18:00:00,35,0,NOT_NAMED
TS,2027,22.5 -99.9,1946-08-26 00:00:00,30,0,NOT_NAMED
L2,2028,23.8 -79.6,1946-09-12 06:00:00,50,0,NOT_NAMED
L2,2028,24.9 -79.2,1946-09-12 12:00:00,55,0,NOT_NAMED
L2,2028,25.6 -78.8,1946-09-12 18:00:00,60,0,NOT_NAMED
L2,2028,26.4 -77.9,1946-09-13 00:00:00,65,0,NOT_NAMED
L2,2028,27.2 -76.8,1946-09-13 06:00:00,75,994,NOT_NAMED
L2,2028,28.4 -75,1946-09-13 12:00:00,85,0,NOT_NAMED
L2,2028,30.1 -73.5,1946-09-13 18:00:00,85,975,NOT_NAMED
L2,2028,31.8 -72,1946-09-14 00:00:00,80,0,NOT_NAMED
L2,2028,33.4 -70.9,1946-09-14 06:00:00,80,0,NOT_NAMED
L2,2028,35 -70,1946-09-14 12:00:00,75,0,NOT_NAMED
L2,2028,36.8 -68.8,1946-09-14 18:00:00,75,0,NOT_NAMED
L2,2028,38.7 -67.5,1946-09-15 00:00:00,70,0,NOT_NAMED
L2,2028,40.7 -66,1946-09-15 06:00:00,65,0,NOT_NAMED
L2,2028,42.7 -64.2,1946-09-15 12:00:00,60,0,NOT_NAMED
L2,2028,44.8 -62,1946-09-15 18:00:00,55,0,NOT_NAMED
L2,2028,47 -58.9,1946-09-16 00:00:00,50,0,NOT_NAMED
L2,2028,48.7 -54.2,1946-09-16 06:00:00,50,0,NOT_NAMED
L2,2028,49.7 -49.4,1946-09-16 12:00:00,45,0,NOT_NAMED
L2,2028,49.8 -46.4,1946-09-16 18:00:00,45,0,NOT_NAMED
L2,2028,49.9 -43.2,1946-09-17 00:00:00,45,0,NOT_NAMED
L2,2028,50 -39.1,1946-09-17 06:00:00,45,0,NOT_NAMED
L2,2028,51 -35,1946-09-17 12:00:00,40,0,NOT_NAMED
L4,2029,18 -87.2,1946-10-05 06:00:00,35,0,NOT_NAMED
L4,2029,18.4 -86.7,1946-10-05 12:00:00,40,0,NOT_NAMED
L4,2029,18.6 -86.5,1946-10-05 18:00:00,45,1005,NOT_NAMED
L4,2029,18.8 -86.2,1946-10-06 00:00:00,55,0,NOT_NAMED
L4,2029,19.1 -86,1946-10-06 06:00:00,60,0,NOT_NAMED
L4,2029,19.6 -85.6,1946-10-06 12:00:00,65,993,NOT_NAMED
L4,2029,20.3 -85.1,1946-10-06 18:00:00,75,0,NOT_NAMED
L4,2029,21.3 -84.6,1946-10-07 00:00:00,85,0,NOT_NAMED
L4,2029,22.3 -84.1,1946-10-07 06:00:00,100,0,NOT_NAMED
L4,2029,23.7 -83.6,1946-10-07 12:00:00,110,0,NOT_NAMED
L4,2029,25.4 -83.2,1946-10-07 18:00:00,115,979,NOT_NAMED
L4,2029,27 -82.8,1946-10-08 00:00:00,65,0,NOT_NAMED
L4,2029,28.6 -82.6,1946-10-08 06:00:00,40,0,NOT_NAMED
L4,2029,30.3 -82.4,1946-10-08 12:00:00,35,0,NOT_NAMED
L4,2029,31.9 -82.1,1946-10-08 18:00:00,35,0,NOT_NAMED
L4,2029,33.5 -81.6,1946-10-09 00:00:00,30,0,NOT_NAMED
L4,2029,34.6 -80.7,1946-10-09 06:00:00,30,0,NOT_NAMED
L4,2029,35.3 -79.4,1946-10-09 12:00:00,25,0,NOT_NAMED
L4,2029,35.8 -77.8,1946-10-09 18:00:00,25,0,NOT_NAMED
L4,2029,36.1 -76.2,1946-10-10 00:00:00,25,0,NOT_NAMED
L4,2029,36.3 -74.6,1946-10-10 06:00:00,25,0,NOT_NAMED
L4,2029,36.2 -72.9,1946-10-10 12:00:00,25,0,NOT_NAMED
L4,2029,35.9 -70.2,1946-10-10 18:00:00,25,0,NOT_NAMED
L4,2029,35.3 -67.2,1946-10-11 00:00:00,25,0,NOT_NAMED
L4,2029,34.5 -65,1946-10-11 06:00:00,25,0,NOT_NAMED
L4,2029,33.8 -63.5,1946-10-11 12:00:00,25,0,NOT_NAMED
L4,2029,33.2 -62.7,1946-10-11 18:00:00,25,0,NOT_NAMED
L4,2029,32.6 -62.1,1946-10-12 00:00:00,25,0,NOT_NAMED
L4,2029,32.1 -61.7,1946-10-12 06:00:00,25,0,NOT_NAMED
L4,2029,31.5 -61.4,1946-10-12 12:00:00,25,0,NOT_NAMED
L4,2029,30.4 -61.2,1946-10-12 18:00:00,25,0,NOT_NAMED
L4,2029,29.2 -61.3,1946-10-13 00:00:00,25,0,NOT_NAMED
L4,2029,28.1 -62,1946-10-13 06:00:00,25,0,NOT_NAMED
L4,2029,27.2 -62.9,1946-10-13 12:00:00,25,0,NOT_NAMED
L4,2029,26.6 -64,1946-10-13 18:00:00,25,0,NOT_NAMED
L4,2029,26.4 -65,1946-10-14 00:00:00,25,0,NOT_NAMED
L4,2029,26.3 -65.8,1946-10-14 06:00:00,25,0,NOT_NAMED
L4,2029,26.2 -66.7,1946-10-14 12:00:00,25,0,NOT_NAMED
L4,2029,26.2 -67.7,1946-10-14 18:00:00,25,0,NOT_NAMED
TS,2030,20 -71,1946-10-31 06:00:00,35,0,NOT_NAMED
TS,2030,20.6 -72,1946-10-31 12:00:00,35,0,NOT_NAMED
TS,2030,21.9 -73.5,1946-10-31 18:00:00,35,0,NOT_NAMED
TS,2030,23 -75,1946-11-01 00:00:00,40,0,NOT_NAMED
TS,2030,23.9 -76.5,1946-11-01 06:00:00,40,0,NOT_NAMED
TS,2030,24.8 -78,1946-11-01 12:00:00,40,0,NOT_NAMED
TS,2030,25.8 -79.3,1946-11-01 18:00:00,40,0,NOT_NAMED
TS,2030,26.8 -80.3,1946-11-02 00:00:00,35,0,NOT_NAMED
TS,2030,27.7 -81.2,1946-11-02 06:00:00,30,0,NOT_NAMED
TS,2030,28.5 -81.8,1946-11-02 12:00:00,25,0,NOT_NAMED
TS,2030,30.2 -82,1946-11-02 18:00:00,25,0,NOT_NAMED
TS,2030,31.7 -81,1946-11-03 00:00:00,20,0,NOT_NAMED
TS,2030,32.3 -79.9,1946-11-03 06:00:00,20,0,NOT_NAMED
TS,2030,33 -78.8,1946-11-03 12:00:00,15,0,NOT_NAMED
TS,2031,19.5 -92,1947-07-31 06:00:00,35,0,NOT_NAMED
TS,2031,20.2 -93.8,1947-07-31 12:00:00,35,0,NOT_NAMED
TS,2031,20.6 -94.7,1947-07-31 18:00:00,35,0,NOT_NAMED
TS,2031,21.1 -95.3,1947-08-01 00:00:00,35,0,NOT_NAMED
TS,2031,22.6 -95.8,1947-08-01 06:00:00,35,0,NOT_NAMED
TS,2031,24.1 -96.2,1947-08-01 12:00:00,35,0,NOT_NAMED
TS,2031,25 -96.7,1947-08-01 18:00:00,35,0,NOT_NAMED
TS,2031,25.6 -97.3,1947-08-02 00:00:00,40,0,NOT_NAMED
TS,2031,26 -98.2,1947-08-02 06:00:00,40,0,NOT_NAMED
TS,2031,26.3 -99,1947-08-02 12:00:00,35,0,NOT_NAMED
L2,2032,13.7 -74.6,1947-08-09 06:00:00,35,0,NOT_NAMED
L2,2032,13.8 -75.5,1947-08-09 12:00:00,35,0,NOT_NAMED
L2,2032,13.9 -76.4,1947-08-09 18:00:00,35,0,NOT_NAMED
L2,2032,14.1 -77.3,1947-08-10 00:00:00,35,0,NOT_NAMED
L2,2032,14.5 -78.2,1947-08-10 06:00:00,35,0,NOT_NAMED
L2,2032,15 -79,1947-08-10 12:00:00,35,0,NOT_NAMED
L2,2032,15.5 -79.6,1947-08-10 18:00:00,35,0,NOT_NAMED
L2,2032,16 -80.1,1947-08-11 00:00:00,35,0,NOT_NAMED
L2,2032,16.6 -80.5,1947-08-11 06:00:00,35,0,NOT_NAMED
L2,2032,17.2 -81,1947-08-11 12:00:00,40,0,NOT_NAMED
L2,2032,17.9 -82,1947-08-11 18:00:00,40,0,NOT_NAMED
L2,2032,18.7 -83.4,1947-08-12 00:00:00,45,0,NOT_NAMED
L2,2032,19.3 -85,1947-08-12 06:00:00,50,0,NOT_NAMED
L2,2032,19.7 -86.6,1947-08-12 12:00:00,50,0,NOT_NAMED
L2,2032,20 -88.1,1947-08-12 18:00:00,55,0,NOT_NAMED
L2,2032,20.3 -89.6,1947-08-13 00:00:00,60,0,NOT_NAMED
L2,2032,20.6 -91.1,1947-08-13 06:00:00,60,0,NOT_NAMED
L2,2032,21 -92.5,1947-08-13 12:00:00,70,0,NOT_NAMED
L2,2032,21.4 -93.6,1947-08-13 18:00:00,70,0,NOT_NAMED
L2,2032,21.6 -94.3,1947-08-14 00:00:00,80,0,NOT_NAMED
L2,2032,21.7 -94.8,1947-08-14 06:00:00,85,0,NOT_NAMED
L2,2032,21.8 -95.3,1947-08-14 12:00:00,90,0,NOT_NAMED
L2,2032,21.9 -95.8,1947-08-14 18:00:00,90,0,NOT_NAMED
L2,2032,22 -96.4,1947-08-15 00:00:00,95,0,NOT_NAMED
L2,2032,22 -97.2,1947-08-15 06:00:00,95,0,NOT_NAMED
L2,2032,22 -98,1947-08-15 12:00:00,60,0,NOT_NAMED
L2,2032,22 -98.6,1947-08-15 18:00:00,55,0,NOT_NAMED
L2,2032,22 -99,1947-08-16 00:00:00,50,0,NOT_NAMED
L2,2032,22 -99.5,1947-08-16 06:00:00,45,0,NOT_NAMED
L1,2033,24 -80,1947-08-18 18:00:00,35,0,NOT_NAMED
L1,2033,24.1 -81.5,1947-08-19 00:00:00,35,0,NOT_NAMED
L1,2033,24.1 -82.3,1947-08-19 06:00:00,40,0,NOT_NAMED
L1,2033,24.2 -83.1,1947-08-19 12:00:00,40,0,NOT_NAMED
L1,2033,24.3 -84,1947-08-19 18:00:00,45,0,NOT_NAMED
L1,2033,24.3 -84.9,1947-08-20 00:00:00,45,0,NOT_NAMED
L1,2033,24.4 -85.6,1947-08-20 06:00:00,45,0,NOT_NAMED
L1,2033,24.5 -86.2,1947-08-20 12:00:00,40,0,NOT_NAMED
L1,2033,24.6 -86.7,1947-08-20 18:00:00,35,0,NOT_NAMED
L1,2033,24.8 -87.2,1947-08-21 00:00:00,35,0,NOT_NAMED
L1,2033,25.1 -87.9,1947-08-21 06:00:00,40,0,NOT_NAMED
L1,2033,25.4 -88.7,1947-08-21 12:00:00,45,0,NOT_NAMED
L1,2033,25.7 -89.3,1947-08-21 18:00:00,50,0,NOT_NAMED
L1,2033,26 -89.8,1947-08-22 00:00:00,55,0,NOT_NAMED
L1,2033,26.3 -90.2,1947-08-22 06:00:00,60,0,NOT_NAMED
L1,2033,26.5 -90.6,1947-08-22 12:00:00,65,0,NOT_NAMED
L1,2033,26.9 -91.2,1947-08-22 18:00:00,70,0,NOT_NAMED
L1,2033,27.2 -91.7,1947-08-23 00:00:00,70,0,NOT_NAMED
L1,2033,27.5 -92.1,1947-08-23 06:00:00,70,0,NOT_NAMED
L1,2033,27.8 -92.5,1947-08-23 12:00:00,70,0,NOT_NAMED
L1,2033,28.1 -93.1,1947-08-23 18:00:00,70,0,NOT_NAMED
L1,2033,28.4 -93.6,1947-08-24 00:00:00,70,0,NOT_NAMED
L1,2033,28.7 -93.9,1947-08-24 06:00:00,70,0,NOT_NAMED
L1,2033,29 -94.3,1947-08-24 12:00:00,70,0,NOT_NAMED
L1,2033,29.2 -94.8,1947-08-24 18:00:00,70,0,NOT_NAMED
L1,2033,29.5 -95.3,1947-08-25 00:00:00,60,0,NOT_NAMED
L1,2033,29.8 -95.8,1947-08-25 06:00:00,60,0,NOT_NAMED
L1,2033,30.2 -96.2,1947-08-25 12:00:00,60,0,NOT_NAMED
L1,2033,30.5 -96.6,1947-08-25 18:00:00,55,0,NOT_NAMED
L1,2033,30.8 -97,1947-08-26 00:00:00,35,0,NOT_NAMED
L1,2033,31 -97.3,1947-08-26 06:00:00,25,0,NOT_NAMED
L1,2033,31.4 -97.5,1947-08-26 12:00:00,20,0,NOT_NAMED
L1,2033,31.8 -97.7,1947-08-26 18:00:00,20,0,NOT_NAMED
L1,2033,32.3 -97.8,1947-08-27 00:00:00,15,0,NOT_NAMED
L1,2033,33.3 -97.9,1947-08-27 06:00:00,15,0,NOT_NAMED
L1,2033,34 -97.9,1947-08-27 12:00:00,15,0,NOT_NAMED
L1,2033,35 -97.9,1947-08-27 18:00:00,15,0,NOT_NAMED
L5,2034,14.5 -20.1,1947-09-04 06:00:00,45,0,NOT_NAMED
L5,2034,14.3 -21.5,1947-09-04 12:00:00,50,0,NOT_NAMED
L5,2034,14.2 -22.8,1947-09-04 18:00:00,60,0,NOT_NAMED
L5,2034,14.1 -24,1947-09-05 00:00:00,65,0,NOT_NAMED
L5,2034,14 -25,1947-09-05 06:00:00,65,0,NOT_NAMED
L5,2034,14 -26.1,1947-09-05 12:00:00,70,0,NOT_NAMED
L5,2034,14 -27.1,1947-09-05 18:00:00,70,0,NOT_NAMED
L5,2034,14.1 -28.2,1947-09-06 00:00:00,70,0,NOT_NAMED
L5,2034,14.2 -29.3,1947-09-06 06:00:00,70,0,NOT_NAMED
L5,2034,14.3 -30.4,1947-09-06 12:00:00,75,0,NOT_NAMED
L5,2034,14.3 -31.5,1947-09-06 18:00:00,75,0,NOT_NAMED
L5,2034,14.3 -32.6,1947-09-07 00:00:00,75,0,NOT_NAMED
L5,2034,14.2 -33.7,1947-09-07 06:00:00,75,0,NOT_NAMED
L5,2034,14 -34.8,1947-09-07 12:00:00,75,0,NOT_NAMED
L5,2034,13.7 -36,1947-09-07 18:00:00,80,0,NOT_NAMED
L5,2034,13.3 -37.2,1947-09-08 00:00:00,80,0,NOT_NAMED
L5,2034,12.8 -38.5,1947-09-08 06:00:00,80,0,NOT_NAMED
L5,2034,12.4 -39.8,1947-09-08 12:00:00,80,0,NOT_NAMED
L5,2034,12.1 -41,1947-09-08 18:00:00,80,0,NOT_NAMED
L5,2034,11.9 -42,1947-09-09 00:00:00,80,0,NOT_NAMED
L5,2034,11.7 -42.9,1947-09-09 06:00:00,80,0,NOT_NAMED
L5,2034,11.6 -43.8,1947-09-09 12:00:00,85,0,NOT_NAMED
L5,2034,11.6 -44.8,1947-09-09 18:00:00,85,0,NOT_NAMED
L5,2034,11.7 -45.7,1947-09-10 00:00:00,85,0,NOT_NAMED
L5,2034,12 -46.7,1947-09-10 06:00:00,85,0,NOT_NAMED
L5,2034,12.3 -47.6,1947-09-10 12:00:00,90,0,NOT_NAMED
L5,2034,12.7 -48.6,1947-09-10 18:00:00,90,0,NOT_NAMED
L5,2034,13.2 -49.7,1947-09-11 00:00:00,90,0,NOT_NAMED
L5,2034,13.7 -50.5,1947-09-11 06:00:00,95,0,NOT_NAMED
L5,2034,14.2 -51.4,1947-09-11 12:00:00,95,0,NOT_NAMED
L5,2034,15.1 -52.9,1947-09-11 18:00:00,95,0,NOT_NAMED
L5,2034,16.1 -54.7,1947-09-12 00:00:00,100,0,NOT_NAMED
L5,2034,17.2 -56.7,1947-09-12 06:00:00,100,0,NOT_NAMED
L5,2034,18.2 -58.6,1947-09-12 12:00:00,105,0,NOT_NAMED
L5,2034,18.9 -60,1947-09-12 18:00:00,105,0,NOT_NAMED
L5,2034,19.5 -61.4,1947-09-13 00:00:00,110,0,NOT_NAMED
L5,2034,20.3 -62.9,1947-09-13 06:00:00,110,0,NOT_NAMED
L5,2034,21 -64.3,1947-09-13 12:00:00,115,0,NOT_NAMED
L5,2034,21.5 -65.3,1947-09-13 18:00:00,115,0,NOT_NAMED
L5,2034,22 -66.2,1947-09-14 00:00:00,120,0,NOT_NAMED
L5,2034,22.5 -67.2,1947-09-14 06:00:00,120,0,NOT_NAMED
L5,2034,23 -68.2,1947-09-14 12:00:00,125,0,NOT_NAMED
L5,2034,23.6 -69.5,1947-09-14 18:00:00,125,0,NOT_NAMED
L5,2034,24.3 -71.1,1947-09-15 00:00:00,125,0,NOT_NAMED
L5,2034,25.1 -72.2,1947-09-15 06:00:00,130,0,NOT_NAMED
L5,2034,25.8 -73.3,1947-09-15 12:00:00,130,0,NOT_NAMED
L5,2034,26.2 -74.2,1947-09-15 18:00:00,135,0,NOT_NAMED
L5,2034,26.4 -74.9,1947-09-16 00:00:00,135,0,NOT_NAMED
L5,2034,26.5 -75.4,1947-09-16 06:00:00,140,0,NOT_NAMED
L5,2034,26.6 -76,1947-09-16 12:00:00,140,0,NOT_NAMED
L5,2034,26.7 -76.8,1947-09-16 18:00:00,140,0,NOT_NAMED
L5,2034,26.7 -77.6,1947-09-17 00:00:00,140,0,NOT_NAMED
L5,2034,26.6 -78.5,1947-09-17 06:00:00,140,0,NOT_NAMED
L5,2034,26.5 -79.5,1947-09-17 12:00:00,135,947,NOT_NAMED
L5,2034,26.3 -80.4,1947-09-17 18:00:00,130,0,NOT_NAMED
L5,2034,26.1 -81.2,1947-09-18 00:00:00,120,0,NOT_NAMED
L5,2034,26.1 -81.8,1947-09-18 06:00:00,85,0,NOT_NAMED
L5,2034,26.3 -82.5,1947-09-18 12:00:00,85,0,NOT_NAMED
L5,2034,26.9 -83.8,1947-09-18 18:00:00,80,0,NOT_NAMED
L5,2034,27.7 -85.6,1947-09-19 00:00:00,80,0,NOT_NAMED
L5,2034,28.9 -87.7,1947-09-19 06:00:00,80,0,NOT_NAMED
L5,2034,30 -89.7,1947-09-19 12:00:00,80,966,NOT_NAMED
L5,2034,30.4 -91,1947-09-19 18:00:00,75,970,NOT_NAMED
L5,2034,30.8 -92.2,1947-09-20 00:00:00,60,984,NOT_NAMED
L5,2034,31.6 -93.7,1947-09-20 06:00:00,35,987,NOT_NAMED
L5,2034,32.7 -95.2,1947-09-20 12:00:00,30,994,NOT_NAMED
L5,2034,34.1 -95.9,1947-09-20 18:00:00,25,996,NOT_NAMED
L5,2034,35.4 -94.6,1947-09-21 00:00:00,25,997,NOT_NAMED
L5,2034,36.4 -93.3,1947-09-21 06:00:00,20,999,NOT_NAMED
L5,2034,37.4 -92,1947-09-21 12:00:00,20,1000,NOT_NAMED
TS,2035,27.9 -85,1947-09-07 18:00:00,40,0,NOT_NAMED
TS,2035,29 -86.6,1947-09-08 00:00:00,40,0,NOT_NAMED
TS,2035,29.5 -87.3,1947-09-08 06:00:00,40,0,NOT_NAMED
TS,2035,30 -88,1947-09-08 12:00:00,35,0,NOT_NAMED
TS,2035,30.7 -89,1947-09-08 18:00:00,30,0,NOT_NAMED
TS,2036,18.6 -78.1,1947-09-20 06:00:00,35,0,NOT_NAMED
TS,2036,18.9 -78.7,1947-09-20 12:00:00,35,0,NOT_NAMED
TS,2036,19.2 -79.4,1947-09-20 18:00:00,35,0,NOT_NAMED
TS,2036,19.6 -80,1947-09-21 00:00:00,35,0,NOT_NAMED
TS,2036,20 -80.6,1947-09-21 06:00:00,40,0,NOT_NAMED
TS,2036,20.5 -81.2,1947-09-21 12:00:00,40,0,NOT_NAMED
TS,2036,21.3 -82,1947-09-21 18:00:00,40,0,NOT_NAMED
TS,2036,22.2 -82.8,1947-09-22 00:00:00,40,0,NOT_NAMED
TS,2036,23 -83.4,1947-09-22 06:00:00,40,0,NOT_NAMED
TS,2036,23.8 -83.4,1947-09-22 12:00:00,45,0,NOT_NAMED
TS,2036,24.7 -83.7,1947-09-22 18:00:00,45,0,NOT_NAMED
TS,2036,25.7 -83.6,1947-09-23 00:00:00,45,0,NOT_NAMED
TS,2036,26.7 -83.4,1947-09-23 06:00:00,50,0,NOT_NAMED
TS,2036,27.7 -83.2,1947-09-23 12:00:00,50,0,NOT_NAMED
TS,2036,28.5 -83,1947-09-23 18:00:00,50,0,NOT_NAMED
TS,2036,29.4 -82.7,1947-09-24 00:00:00,50,989,NOT_NAMED
TS,2036,31.2 -82.1,1947-09-24 06:00:00,45,0,NOT_NAMED
TS,2036,33 -81.2,1947-09-24 12:00:00,35,0,NOT_NAMED
TS,2036,34.1 -80.2,1947-09-24 18:00:00,30,0,NOT_NAMED
TS,2036,35.1 -78.8,1947-09-25 00:00:00,25,0,NOT_NAMED
TS,2036,36 -76.9,1947-09-25 06:00:00,20,0,NOT_NAMED
TS,2036,37 -75,1947-09-25 12:00:00,15,0,NOT_NAMED
TS,2036,37.7 -73.5,1947-09-25 18:00:00,15,0,NOT_NAMED
TS,2037,22 -77,1947-10-06 06:00:00,45,0,NOT_NAMED
TS,2037,26 -77.8,1947-10-06 12:00:00,45,0,NOT_NAMED
TS,2037,28.8 -78.9,1947-10-06 18:00:00,45,0,NOT_NAMED
TS,2037,30.4 -80.3,1947-10-07 00:00:00,40,0,NOT_NAMED
TS,2037,30.9 -82.7,1947-10-07 06:00:00,35,0,NOT_NAMED
TS,2037,30.8 -83.3,1947-10-07 12:00:00,30,0,NOT_NAMED
TS,2037,30.1 -84.8,1947-10-07 18:00:00,30,0,NOT_NAMED
TS,2037,29.3 -83.8,1947-10-08 00:00:00,25,0,NOT_NAMED
TS,2037,30.6 -82.8,1947-10-08 06:00:00,25,0,NOT_NAMED
TS,2037,32.1 -82.6,1947-10-08 12:00:00,20,0,NOT_NAMED
TS,2037,33.6 -82.3,1947-10-08 18:00:00,20,0,NOT_NAMED
L1,2038,15.4 -82,1947-10-09 06:00:00,35,0,NOT_NAMED
L1,2038,16 -82.2,1947-10-09 12:00:00,35,0,NOT_NAMED
L1,2038,16.5 -82.5,1947-10-09 18:00:00,35,0,NOT_NAMED
L1,2038,17 -82.7,1947-10-10 00:00:00,40,0,NOT_NAMED
L1,2038,17.5 -82.9,1947-10-10 06:00:00,40,0,NOT_NAMED
L1,2038,18 -83,1947-10-10 12:00:00,45,0,NOT_NAMED
L1,2038,19.7 -83.5,1947-10-10 18:00:00,50,0,NOT_NAMED
L1,2038,20.7 -83.7,1947-10-11 00:00:00,55,0,NOT_NAMED
L1,2038,22.3 -83.7,1947-10-11 06:00:00,55,0,NOT_NAMED
L1,2038,23 -83.2,1947-10-11 12:00:00,60,0,NOT_NAMED
L1,2038,24.1 -82.3,1947-10-11 18:00:00,65,0,NOT_NAMED
L1,2038,25.1 -81.4,1947-10-12 00:00:00,70,0,NOT_NAMED
L1,2038,25.8 -80.6,1947-10-12 06:00:00,75,0,NOT_NAMED
L1,2038,26.6 -79.8,1947-10-12 12:00:00,75,991,NOT_NAMED
L1,2038,27.3 -78.7,1947-10-12 18:00:00,75,0,NOT_NAMED
L1,2038,28.1 -77.5,1947-10-13 00:00:00,70,0,NOT_NAMED
L1,2038,29.3 -75.8,1947-10-13 06:00:00,70,0,NOT_NAMED
L1,2038,30.5 -74.6,1947-10-13 12:00:00,70,0,NOT_NAMED
L1,2038,31.4 -74.6,1947-10-13 18:00:00,70,0,NOT_NAMED
L1,2038,31.9 -75.7,1947-10-14 00:00:00,65,0,NOT_NAMED
L1,2038,31.8 -76.4,1947-10-14 06:00:00,65,0,NOT_NAMED
L1,2038,31.8 -77.1,1947-10-14 12:00:00,65,0,NOT_NAMED
L1,2038,31.8 -77.6,1947-10-14 18:00:00,65,0,NOT_NAMED
L1,2038,31.9 -78.2,1947-10-15 00:00:00,70,0,NOT_NAMED
L1,2038,32 -79.5,1947-10-15 06:00:00,75,0,NOT_NAMED
L1,2038,31.9 -81,1947-10-15 12:00:00,75,973,NOT_NAMED
L1,2038,31.8 -82.3,1947-10-15 18:00:00,65,0,NOT_NAMED
L1,2038,31.7 -83.4,1947-10-16 00:00:00,50,0,NOT_NAMED
L1,2038,31.8 -84.2,1947-10-16 06:00:00,40,0,NOT_NAMED
L1,2038,32.2 -85,1947-10-16 12:00:00,35,0,NOT_NAMED
L1,2038,32.5 -85.8,1947-10-16 18:00:00,25,0,NOT_NAMED
L3,2039,17.4 -62.4,1947-10-16 18:00:00,35,0,NOT_NAMED
L3,2039,18.4 -63.9,1947-10-17 00:00:00,50,0,NOT_NAMED
L3,2039,19 -65.3,1947-10-17 06:00:00,60,0,NOT_NAMED
L3,2039,19.7 -66.6,1947-10-17 12:00:00,65,0,NOT_NAMED
L3,2039,20.4 -67.8,1947-10-17 18:00:00,70,0,NOT_NAMED
L3,2039,21 -68.7,1947-10-18 00:00:00,75,0,NOT_NAMED
L3,2039,21.8 -69.6,1947-10-18 06:00:00,75,0,NOT_NAMED
L3,2039,22.8 -70.2,1947-10-18 12:00:00,80,0,NOT_NAMED
L3,2039,23.7 -70.5,1947-10-18 18:00:00,85,0,NOT_NAMED
L3,2039,24.7 -70.5,1947-10-19 00:00:00,85,0,NOT_NAMED
L3,2039,26.1 -70.2,1947-10-19 06:00:00,90,0,NOT_NAMED
L3,2039,27.7 -69.7,1947-10-19 12:00:00,95,0,NOT_NAMED
L3,2039,28.9 -69,1947-10-19 18:00:00,95,0,NOT_NAMED
L3,2039,30.1 -68.1,1947-10-20 00:00:00,100,0,NOT_NAMED
L3,2039,31.4 -66.9,1947-10-20 06:00:00,105,0,NOT_NAMED
L3,2039,32.7 -65.7,1947-10-20 12:00:00,105,0,NOT_NAMED
L3,2039,33.7 -64.5,1947-10-20 18:00:00,105,0,NOT_NAMED
L3,2039,34.8 -63.2,1947-10-21 00:00:00,95,0,NOT_NAMED
L3,2039,36.1 -61.4,1947-10-21 06:00:00,85,0,NOT_NAMED
L3,2039,37.5 -59,1947-10-21 12:00:00,65,0,NOT_NAMED
L3,2039,38.8 -56.6,1947-10-21 18:00:00,60,0,NOT_NAMED
L3,2039,40 -54.1,1947-10-22 00:00:00,55,0,NOT_NAMED
L3,2039,41.5 -50,1947-10-22 06:00:00,50,0,NOT_NAMED
TS,2040,16 -75,1948-05-22 06:00:00,35,0,NOT_NAMED
TS,2040,18.2 -73.1,1948-05-22 12:00:00,35,0,NOT_NAMED
TS,2040,19.4 -72.2,1948-05-22 18:00:00,35,0,NOT_NAMED
TS,2040,20.5 -71.5,1948-05-23 00:00:00,35,0,NOT_NAMED
TS,2040,21.4 -70.9,1948-05-23 06:00:00,35,0,NOT_NAMED
TS,2040,22.4 -70.3,1948-05-23 12:00:00,35,0,NOT_NAMED
TS,2040,23.5 -69.7,1948-05-23 18:00:00,35,0,NOT_NAMED
TS,2040,24.6 -69.2,1948-05-24 00:00:00,35,0,NOT_NAMED
TS,2040,25.9 -68.7,1948-05-24 06:00:00,40,0,NOT_NAMED
TS,2040,26.9 -68.4,1948-05-24 12:00:00,40,0,NOT_NAMED
TS,2040,27.6 -68.2,1948-05-24 18:00:00,40,0,NOT_NAMED
TS,2040,28.3 -68.1,1948-05-25 00:00:00,45,0,NOT_NAMED
TS,2040,29 -68,1948-05-25 06:00:00,45,0,NOT_NAMED
TS,2040,29.7 -68,1948-05-25 12:00:00,45,0,NOT_NAMED
TS,2040,30.1 -68,1948-05-25 18:00:00,45,0,NOT_NAMED
TS,2040,30.3 -68,1948-05-26 00:00:00,45,0,NOT_NAMED
TS,2040,30.7 -68,1948-05-26 06:00:00,45,0,NOT_NAMED
TS,2040,31 -68,1948-05-26 12:00:00,45,0,NOT_NAMED
TS,2040,31.3 -68,1948-05-26 18:00:00,40,0,NOT_NAMED
TS,2040,31.5 -68,1948-05-27 00:00:00,40,0,NOT_NAMED
TS,2040,31.8 -68,1948-05-27 06:00:00,40,0,NOT_NAMED
TS,2040,32 -68,1948-05-27 12:00:00,40,0,NOT_NAMED
TS,2040,32.8 -68,1948-05-27 18:00:00,40,0,NOT_NAMED
TS,2040,33.7 -68,1948-05-28 00:00:00,35,0,NOT_NAMED
TS,2040,34.3 -68,1948-05-28 06:00:00,30,0,NOT_NAMED
TS,2040,35 -68,1948-05-28 12:00:00,30,0,NOT_NAMED
TS,2040,37.9 -68,1948-05-28 18:00:00,25,0,NOT_NAMED
TS,2041,26.3 -90.6,1948-07-07 18:00:00,35,0,NOT_NAMED
TS,2041,27.2 -90,1948-07-08 00:00:00,35,0,NOT_NAMED
TS,2041,27.6 -89.6,1948-07-08 06:00:00,35,0,NOT_NAMED
TS,2041,28 -89.2,1948-07-08 12:00:00,35,0,NOT_NAMED
TS,2041,28.7 -88.1,1948-07-08 18:00:00,35,0,NOT_NAMED
TS,2041,29.6 -86.9,1948-07-09 00:00:00,35,0,NOT_NAMED
TS,2041,30.2 -86.2,1948-07-09 06:00:00,35,0,NOT_NAMED
TS,2041,30.8 -85.9,1948-07-09 12:00:00,35,0,NOT_NAMED
TS,2041,31.3 -85.8,1948-07-09 18:00:00,30,0,NOT_NAMED
TS,2041,31.7 -85.8,1948-07-10 00:00:00,30,0,NOT_NAMED
TS,2041,32.2 -85.8,1948-07-10 06:00:00,30,0,NOT_NAMED
TS,2041,32.7 -85.9,1948-07-10 12:00:00,25,0,NOT_NAMED
TS,2041,33.3 -86,1948-07-10 18:00:00,25,0,NOT_NAMED
TS,2041,34 -86.1,1948-07-11 00:00:00,20,0,NOT_NAMED
TS,2041,34.6 -86.3,1948-07-11 06:00:00,20,0,NOT_NAMED
TS,2041,35.2 -86.6,1948-07-11 12:00:00,15,0,NOT_NAMED
TS,2041,35.5 -86.8,1948-07-11 18:00:00,15,0,NOT_NAMED
L3,2042,19.5 -58.9,1948-08-26 06:00:00,50,0,NOT_NAMED
L3,2042,20.9 -61,1948-08-26 12:00:00,65,0,NOT_NAMED
L3,2042,21.8 -62.6,1948-08-26 18:00:00,70,0,NOT_NAMED
L3,2042,22.8 -64.1,1948-08-27 00:00:00,75,0,NOT_NAMED
L3,2042,23.8 -65.5,1948-08-27 06:00:00,80,0,NOT_NAMED
L3,2042,24.8 -66.7,1948-08-27 12:00:00,85,0,NOT_NAMED
L3,2042,25.6 -67.6,1948-08-27 18:00:00,90,0,NOT_NAMED
L3,2042,26.1 -68.4,1948-08-28 00:00:00,95,0,NOT_NAMED
L3,2042,26.5 -69,1948-08-28 06:00:00,95,0,NOT_NAMED
L3,2042,27 -69.7,1948-08-28 12:00:00,100,0,NOT_NAMED
L3,2042,27.6 -70.4,1948-08-28 18:00:00,105,0,NOT_NAMED
L3,2042,28.2 -71.2,1948-08-29 00:00:00,105,0,NOT_NAMED
L3,2042,28.6 -71.9,1948-08-29 06:00:00,105,0,NOT_NAMED
L3,2042,29.1 -72.5,1948-08-29 12:00:00,100,0,NOT_NAMED
L3,2042,29.7 -73.4,1948-08-29 18:00:00,100,0,NOT_NAMED
L3,2042,30.3 -74.3,1948-08-30 00:00:00,95,0,NOT_NAMED
L3,2042,30.8 -75,1948-08-30 06:00:00,95,0,NOT_NAMED
L3,2042,31.3 -75.4,1948-08-30 12:00:00,90,0,NOT_NAMED
L3,2042,32 -75.4,1948-08-30 18:00:00,85,0,NOT_NAMED
L3,2042,32.8 -75.1,1948-08-31 00:00:00,80,0,NOT_NAMED
L3,2042,33.4 -74.6,1948-08-31 06:00:00,75,0,NOT_NAMED
L3,2042,34.1 -73.6,1948-08-31 12:00:00,70,0,NOT_NAMED
L3,2042,35.3 -71.6,1948-08-31 18:00:00,70,0,NOT_NAMED
L3,2042,37 -68.7,1948-09-01 00:00:00,65,0,NOT_NAMED
L3,2042,39 -65.1,1948-09-01 06:00:00,60,0,NOT_NAMED
L3,2042,41 -61.8,1948-09-01 12:00:00,60,0,NOT_NAMED
L3,2042,42.9 -59.4,1948-09-01 18:00:00,55,0,NOT_NAMED
L3,2042,44.8 -57.8,1948-09-02 00:00:00,50,0,NOT_NAMED
L3,2042,48.5 -55.3,1948-09-02 06:00:00,45,0,NOT_NAMED
L3,2042,51.7 -52.8,1948-09-02 12:00:00,45,0,NOT_NAMED
L3,2042,52.8 -51.4,1948-09-02 18:00:00,40,0,NOT_NAMED
L3,2042,53.8 -50,1948-09-03 00:00:00,40,0,NOT_NAMED
L3,2042,54.9 -47.5,1948-09-03 06:00:00,40,0,NOT_NAMED
L3,2042,56 -45,1948-09-03 12:00:00,35,0,NOT_NAMED
L3,2042,57 -43,1948-09-03 18:00:00,35,0,NOT_NAMED
L3,2042,58 -41,1948-09-04 00:00:00,35,0,NOT_NAMED
L3,2042,58.9 -39.1,1948-09-04 06:00:00,35,0,NOT_NAMED
L3,2042,59.8 -37.2,1948-09-04 12:00:00,35,0,NOT_NAMED
L3,2042,61.2 -34.8,1948-09-04 18:00:00,35,0,NOT_NAMED
TS,2043,13.5 -53,1948-08-31 00:00:00,50,1009,NOT_NAMED
TS,2043,13.7 -55.5,1948-08-31 06:00:00,50,0,NOT_NAMED
TS,2043,13.8 -57,1948-08-31 12:00:00,45,0,NOT_NAMED
TS,2043,13.9 -58.1,1948-08-31 18:00:00,40,0,NOT_NAMED
TS,2043,14 -59.3,1948-09-01 00:00:00,40,0,NOT_NAMED
TS,2043,14.1 -61.2,1948-09-01 06:00:00,35,0,NOT_NAMED
TS,2043,14.2 -63,1948-09-01 12:00:00,30,1007,NOT_NAMED
TS,2043,14.3 -65.5,1948-09-01 18:00:00,25,0,NOT_NAMED
L1,2044,23.8 -94.7,1948-09-01 18:00:00,35,0,NOT_NAMED
L1,2044,24.4 -94.4,1948-09-02 00:00:00,40,0,NOT_NAMED
L1,2044,24.7 -93.9,1948-09-02 06:00:00,45,0,NOT_NAMED
L1,2044,25 -93.5,1948-09-02 12:00:00,50,0,NOT_NAMED
L1,2044,25.2 -93.2,1948-09-02 18:00:00,55,0,NOT_NAMED
L1,2044,25.3 -93,1948-09-03 00:00:00,60,0,NOT_NAMED
L1,2044,25.5 -92.8,1948-09-03 06:00:00,60,0,NOT_NAMED
L1,2044,25.8 -92.6,1948-09-03 12:00:00,65,0,NOT_NAMED
L1,2044,26.6 -91.9,1948-09-03 18:00:00,70,0,NOT_NAMED
L1,2044,27.7 -91.1,1948-09-04 00:00:00,70,990,NOT_NAMED
L1,2044,28.8 -90.5,1948-09-04 06:00:00,65,989,NOT_NAMED
L1,2044,29.9 -90,1948-09-04 12:00:00,55,0,NOT_NAMED
L1,2044,31.1 -89.6,1948-09-04 18:00:00,50,0,NOT_NAMED
L1,2044,32.3 -89.3,1948-09-05 00:00:00,45,0,NOT_NAMED
L1,2044,33.4 -89.1,1948-09-05 06:00:00,40,0,NOT_NAMED
L1,2044,34.5 -89,1948-09-05 12:00:00,35,0,NOT_NAMED
L1,2044,35.4 -89,1948-09-05 18:00:00,30,0,NOT_NAMED
L1,2044,36.3 -88.9,1948-09-06 00:00:00,30,0,NOT_NAMED
L1,2044,37.3 -88.7,1948-09-06 06:00:00,25,0,NOT_NAMED
L1,2044,39 -88.3,1948-09-06 12:00:00,25,0,NOT_NAMED
L1,2044,40.2 -87.5,1948-09-06 18:00:00,20,0,NOT_NAMED
L1,2044,41.3 -86.4,1948-09-07 00:00:00,20,0,NOT_NAMED
L4,2045,14.3 -19.7,1948-09-04 06:00:00,50,0,NOT_NAMED
L4,2045,14.2 -20.8,1948-09-04 12:00:00,55,0,NOT_NAMED
L4,2045,14.2 -21.8,1948-09-04 18:00:00,60,0,NOT_NAMED
L4,2045,14.3 -23,1948-09-05 00:00:00,65,0,NOT_NAMED
L4,2045,14.4 -24.3,1948-09-05 06:00:00,65,0,NOT_NAMED
L4,2045,14.5 -25.5,1948-09-05 12:00:00,70,0,NOT_NAMED
L4,2045,14.6 -26.8,1948-09-05 18:00:00,70,0,NOT_NAMED
L4,2045,14.7 -28,1948-09-06 00:00:00,70,0,NOT_NAMED
L4,2045,14.9 -29.1,1948-09-06 06:00:00,75,0,NOT_NAMED
L4,2045,15 -30,1948-09-06 12:00:00,75,0,NOT_NAMED
L4,2045,15.1 -30.9,1948-09-06 18:00:00,75,0,NOT_NAMED
L4,2045,15.1 -31.8,1948-09-07 00:00:00,75,0,NOT_NAMED
L4,2045,15.2 -32.9,1948-09-07 06:00:00,80,0,NOT_NAMED
L4,2045,15.3 -34.1,1948-09-07 12:00:00,80,0,NOT_NAMED
L4,2045,15.4 -35.4,1948-09-07 18:00:00,80,0,NOT_NAMED
L4,2045,15.6 -36.8,1948-09-08 00:00:00,80,0,NOT_NAMED
L4,2045,15.8 -38.4,1948-09-08 06:00:00,85,0,NOT_NAMED
L4,2045,16 -40,1948-09-08 12:00:00,85,0,NOT_NAMED
L4,2045,16.3 -41.5,1948-09-08 18:00:00,85,0,NOT_NAMED
L4,2045,16.6 -43,1948-09-09 00:00:00,85,0,NOT_NAMED
L4,2045,16.9 -44.5,1948-09-09 06:00:00,90,0,NOT_NAMED
L4,2045,17.2 -46,1948-09-09 12:00:00,90,0,NOT_NAMED
L4,2045,17.6 -47.3,1948-09-09 18:00:00,90,0,NOT_NAMED
L4,2045,18 -48.5,1948-09-10 00:00:00,90,0,NOT_NAMED
L4,2045,18.3 -49.6,1948-09-10 06:00:00,95,0,NOT_NAMED
L4,2045,18.7 -50.8,1948-09-10 12:00:00,95,0,NOT_NAMED
L4,2045,19.4 -52.3,1948-09-10 18:00:00,95,0,NOT_NAMED
L4,2045,20 -53.8,1948-09-11 00:00:00,100,0,NOT_NAMED
L4,2045,20.6 -54.9,1948-09-11 06:00:00,100,0,NOT_NAMED
L4,2045,21.3 -56.1,1948-09-11 12:00:00,105,0,NOT_NAMED
L4,2045,22.2 -58.1,1948-09-11 18:00:00,105,0,NOT_NAMED
L4,2045,23.3 -60.2,1948-09-12 00:00:00,105,0,NOT_NAMED
L4,2045,24.2 -61.6,1948-09-12 06:00:00,110,0,NOT_NAMED
L4,2045,25.4 -62.8,1948-09-12 12:00:00,110,0,NOT_NAMED
L4,2045,27 -63.8,1948-09-12 18:00:00,110,0,NOT_NAMED
L4,2045,28.7 -64.6,1948-09-13 00:00:00,115,0,NOT_NAMED
L4,2045,30.1 -65.4,1948-09-13 06:00:00,115,0,NOT_NAMED
L4,2045,31.6 -65.8,1948-09-13 12:00:00,115,0,NOT_NAMED
L4,2045,33 -65.8,1948-09-13 18:00:00,110,0,NOT_NAMED
L4,2045,34.4 -65.5,1948-09-14 00:00:00,105,0,NOT_NAMED
L4,2045,35.7 -64.9,1948-09-14 06:00:00,100,0,NOT_NAMED
L4,2045,37 -64,1948-09-14 12:00:00,95,0,NOT_NAMED
L4,2045,38.5 -62.6,1948-09-14 18:00:00,85,0,NOT_NAMED
L4,2045,40.3 -60.4,1948-09-15 00:00:00,80,0,NOT_NAMED
L4,2045,42.3 -57.4,1948-09-15 06:00:00,75,0,NOT_NAMED
L4,2045,44.6 -53.4,1948-09-15 12:00:00,70,0,NOT_NAMED
L4,2045,46.9 -48.8,1948-09-15 18:00:00,65,0,NOT_NAMED
L4,2045,49.8 -44.2,1948-09-16 00:00:00,60,0,NOT_NAMED
L4,2045,53.3 -40,1948-09-16 06:00:00,55,0,NOT_NAMED
L4,2045,56.7 -35,1948-09-16 12:00:00,45,0,NOT_NAMED
L4,2045,58.3 -32.9,1948-09-16 18:00:00,40,0,NOT_NAMED
L3,2046,18.2 -78.8,1948-09-18 06:00:00,50,0,NOT_NAMED
L3,2046,18.2 -79.8,1948-09-18 12:00:00,55,0,NOT_NAMED
L3,2046,18.3 -80.4,1948-09-18 18:00:00,60,0,NOT_NAMED
L3,2046,18.5 -80.8,1948-09-19 00:00:00,65,0,NOT_NAMED
L3,2046,18.8 -81.1,1948-09-19 06:00:00,70,0,NOT_NAMED
L3,2046,19.1 -81.4,1948-09-19 12:00:00,75,0,NOT_NAMED
L3,2046,19.5 -81.6,1948-09-19 18:00:00,80,0,NOT_NAMED
L3,2046,20.1 -81.8,1948-09-20 00:00:00,85,0,NOT_NAMED
L3,2046,20.8 -81.9,1948-09-20 06:00:00,85,0,NOT_NAMED
L3,2046,21.5 -81.9,1948-09-20 12:00:00,90,0,NOT_NAMED
L3,2046,22.1 -81.9,1948-09-20 18:00:00,95,0,NOT_NAMED
L3,2046,22.8 -82,1948-09-21 00:00:00,100,0,NOT_NAMED
L3,2046,23.5 -81.9,1948-09-21 06:00:00,100,0,NOT_NAMED
L3,2046,24.3 -81.7,1948-09-21 12:00:00,105,0,NOT_NAMED
L3,2046,25 -81.5,1948-09-21 18:00:00,105,963,NOT_NAMED
L3,2046,25.6 -81.2,1948-09-22 00:00:00,100,0,NOT_NAMED
L3,2046,26.2 -80.7,1948-09-22 06:00:00,85,0,NOT_NAMED
L3,2046,26.8 -80.2,1948-09-22 12:00:00,75,964,NOT_NAMED
L3,2046,27.3 -79.7,1948-09-22 18:00:00,80,965,NOT_NAMED
L3,2046,27.7 -79,1948-09-23 00:00:00,80,0,NOT_NAMED
L3,2046,28.5 -77.6,1948-09-23 06:00:00,85,0,NOT_NAMED
L3,2046,29.8 -75.6,1948-09-23 12:00:00,90,0,NOT_NAMED
L3,2046,31.4 -73.6,1948-09-23 18:00:00,90,0,NOT_NAMED
L3,2046,33.2 -71.6,1948-09-24 00:00:00,85,0,NOT_NAMED
L3,2046,35.1 -69.5,1948-09-24 06:00:00,75,0,NOT_NAMED
L3,2046,37.1 -66.9,1948-09-24 12:00:00,65,0,NOT_NAMED
L3,2046,39.8 -62.3,1948-09-24 18:00:00,60,0,NOT_NAMED
L3,2046,42 -57,1948-09-25 00:00:00,55,0,NOT_NAMED
L3,2046,43.3 -52.8,1948-09-25 06:00:00,50,0,NOT_NAMED
L3,2046,44.6 -48.6,1948-09-25 12:00:00,45,0,NOT_NAMED
L3,2046,46.9 -43.2,1948-09-25 18:00:00,40,0,NOT_NAMED
L4,2047,15.3 -81.8,1948-10-03 18:00:00,40,0,NOT_NAMED
L4,2047,16.8 -83.9,1948-10-04 00:00:00,50,0,NOT_NAMED
L4,2047,18.1 -85,1948-10-04 06:00:00,55,0,NOT_NAMED
L4,2047,19.4 -85.1,1948-10-04 12:00:00,65,0,NOT_NAMED
L4,2047,20.4 -84.5,1948-10-04 18:00:00,75,0,NOT_NAMED
L4,2047,21.4 -83.8,1948-10-05 00:00:00,90,0,NOT_NAMED
L4,2047,22.2 -83.3,1948-10-05 06:00:00,105,0,NOT_NAMED
L4,2047,23.3 -82.5,1948-10-05 12:00:00,115,0,NOT_NAMED
L4,2047,24.4 -81.4,1948-10-05 18:00:00,110,975,NOT_NAMED
L4,2047,25.7 -80.1,1948-10-06 00:00:00,90,979,NOT_NAMED
L4,2047,26.7 -78.6,1948-10-06 06:00:00,85,0,NOT_NAMED
L4,2047,27.7 -77.2,1948-10-06 12:00:00,75,0,NOT_NAMED
L4,2047,28.7 -75.6,1948-10-06 18:00:00,75,0,NOT_NAMED
L4,2047,29.7 -73.8,1948-10-07 00:00:00,80,0,NOT_NAMED
L4,2047,30.6 -71.6,1948-10-07 06:00:00,85,0,NOT_NAMED
L4,2047,31.4 -69,1948-10-07 12:00:00,90,0,NOT_NAMED
L4,2047,31.9 -66,1948-10-07 18:00:00,90,0,NOT_NAMED
L4,2047,32.2 -63,1948-10-08 00:00:00,85,0,NOT_NAMED
L4,2047,32.5 -60.1,1948-10-08 06:00:00,80,0,NOT_NAMED
L4,2047,32.7 -57.2,1948-10-08 12:00:00,75,0,NOT_NAMED
L4,2047,32.5 -54.3,1948-10-08 18:00:00,70,0,NOT_NAMED
L4,2047,32.2 -51.3,1948-10-09 00:00:00,70,0,NOT_NAMED
L4,2047,32 -48.5,1948-10-09 06:00:00,60,0,NOT_NAMED
L4,2047,31.9 -46.3,1948-10-09 12:00:00,60,0,NOT_NAMED
L4,2047,31.9 -44.7,1948-10-09 18:00:00,60,0,NOT_NAMED
L4,2047,31.9 -43.3,1948-10-10 00:00:00,60,0,NOT_NAMED
L4,2047,32 -42,1948-10-10 06:00:00,55,0,NOT_NAMED
L4,2047,32.1 -40.8,1948-10-10 12:00:00,55,0,NOT_NAMED
L4,2047,32.1 -40,1948-10-10 18:00:00,50,0,NOT_NAMED
L4,2047,32 -39.3,1948-10-11 00:00:00,50,0,NOT_NAMED
L4,2047,31.8 -38.7,1948-10-11 06:00:00,50,0,NOT_NAMED
L4,2047,31.5 -38.2,1948-10-11 12:00:00,45,0,NOT_NAMED
L4,2047,31 -38,1948-10-11 18:00:00,45,0,NOT_NAMED
L4,2047,30.6 -38.2,1948-10-12 00:00:00,45,0,NOT_NAMED
L4,2047,30.3 -38.5,1948-10-12 06:00:00,45,0,NOT_NAMED
L4,2047,30.2 -39,1948-10-12 12:00:00,45,0,NOT_NAMED
L4,2047,30.2 -39.6,1948-10-12 18:00:00,40,0,NOT_NAMED
L4,2047,30.2 -40.3,1948-10-13 00:00:00,40,0,NOT_NAMED
L4,2047,30.2 -40.7,1948-10-13 06:00:00,40,0,NOT_NAMED
L4,2047,30.3 -41.3,1948-10-13 12:00:00,40,0,NOT_NAMED
L4,2047,30.5 -42.6,1948-10-13 18:00:00,40,0,NOT_NAMED
L4,2047,30.9 -43.9,1948-10-14 00:00:00,40,0,NOT_NAMED
L4,2047,31.6 -45.2,1948-10-14 06:00:00,40,0,NOT_NAMED
L4,2047,32.6 -46.4,1948-10-14 12:00:00,40,0,NOT_NAMED
L4,2047,33.7 -47.2,1948-10-14 18:00:00,40,0,NOT_NAMED
L4,2047,34.8 -47.8,1948-10-15 00:00:00,40,0,NOT_NAMED
L4,2047,35.7 -48,1948-10-15 06:00:00,40,0,NOT_NAMED
L4,2047,36.7 -48,1948-10-15 12:00:00,40,0,NOT_NAMED
L4,2047,38.5 -47.9,1948-10-15 18:00:00,35,0,NOT_NAMED
L4,2047,41.5 -46.6,1948-10-16 00:00:00,35,0,NOT_NAMED
L1,2048,24.6 -63.3,1948-11-08 18:00:00,60,0,NOT_NAMED
L1,2048,25.4 -66.8,1948-11-09 00:00:00,60,0,NOT_NAMED
L1,2048,25.9 -68.8,1948-11-09 06:00:00,65,0,NOT_NAMED
L1,2048,26.3 -70.8,1948-11-09 12:00:00,70,0,NOT_NAMED
L1,2048,27.3 -72.4,1948-11-09 18:00:00,70,0,NOT_NAMED
L1,2048,28.8 -73.6,1948-11-10 00:00:00,70,0,NOT_NAMED
L1,2048,30.1 -74.4,1948-11-10 06:00:00,65,0,NOT_NAMED
L1,2048,31.4 -74.7,1948-11-10 12:00:00,60,0,NOT_NAMED
L1,2048,33.1 -74.5,1948-11-10 18:00:00,60,0,NOT_NAMED
L1,2048,35.2 -73.9,1948-11-11 00:00:00,55,0,NOT_NAMED
L1,2048,36.8 -72.5,1948-11-11 06:00:00,50,0,NOT_NAMED
